batch2_rank,p0_global_rank,district,exact_name,category,latitude,longitude,existing_hiddenyatra_match,primary_source,primary_source_url,secondary_source,secondary_source_url,evidence_summary,coordinate_confidence,district_confidence,duplicate_status,recommended_action
1,12,Khagaria,Katyayani Asthan,temple,25.5412,86.5812,None (District currently has 0 places in HiddenYatra),District Administration Khagaria (NIC Portal),https://khagaria.nic.in/tourist-places/,Bihar Tourism Board,https://tourism.bihar.gov.in/en/destinations,"Revered regional Shakti shrine dedicated to Goddess Katyayani (sixth form of Navadurga) in Chautham Block. Serves as the central spiritual pilgrimage venue for the Kosi-Bagmati river belt, attracting massive pilgrim footfalls during Chaitra and Sharad Navratri. Official tourist site on Khagaria NIC portal and Bihar Tourism.",EXACT / HIGH CONFIDENCE,CONFIRMED,CLEAN (Zero duplicate risk; verified distance > 5km from all 74 places),✅ APPROVE FOR HUMAN REVIEW
2,13,Kishanganj,Kishanganj Tea Gardens,nature,26.2415,88.0812,None (District currently has 0 places in HiddenYatra),District Administration Kishanganj (NIC Portal),https://kishanganj.nic.in/tourist-places/,"Directorate of Horticulture, Bihar",https://horticulture.bihar.gov.in/,"Historic and commercial agro-tourism landscape spanning over 5,000 acres in Thakurganj and Pothia blocks along the Indo-Nepal/Bengal border. Makes Bihar the fifth largest tea-producing state in India, recognized by Directorate of Horticulture and Kishanganj District Administration as the district's premier ecotourism destination.",EXACT / HIGH CONFIDENCE,CONFIRMED,CLEAN (Zero duplicate risk; verified distance > 5km from all 74 places),✅ APPROVE FOR HUMAN REVIEW
3,14,Lakhisarai,Ashok Dham Temple,temple,25.1785,86.0612,None (District currently has 0 places in HiddenYatra),District Administration Lakhisarai (NIC Portal),https://lakhisarai.nic.in/tourist-places/,Bihar Tourism Board,https://tourism.bihar.gov.in/en/destinations,"Massive monolithic black granite Shivalingam (Indradhyamneshwar Mahadev) discovered during excavation in 1977, enshrined in a grand temple complex inaugurated with Shankaracharya presence. Central spiritual and cultural hub of Lakhisarai featured prominently on district NIC portal and Bihar Tourism circuit.",EXACT / HIGH CONFIDENCE,CONFIRMED,CLEAN (Zero duplicate risk; verified distance > 5km from all 74 places),✅ APPROVE FOR HUMAN REVIEW
4,15,Madhepura,Singheshwar Sthan Temple,temple,26.0125,86.8124,None (District currently has 0 places in HiddenYatra),District Administration Madhepura (NIC Portal),https://madhepura.nic.in/tourist-places/,Bihar Tourism Board,https://tourism.bihar.gov.in/en/destinations,"Ancient Shivalingam shrine historically associated with Sage Rishyasringa from the Ramayana era, hosting one of eastern Bihar's largest month-long Maha Shivratri fairs with pilgrims from Bihar and Nepal. High-priority state tourism destination featured by District Administration and Bihar Tourism.",EXACT / HIGH CONFIDENCE,CONFIRMED,CLEAN (Zero duplicate risk; verified distance > 5km from all 74 places),✅ APPROVE FOR HUMAN REVIEW
5,20,Purnia,Jalalgarh Fort,historical,25.9612,87.5124,None (District currently has 0 places in HiddenYatra),"Archaeological Survey of India (ASI Patna Circle, Monument #49)",https://asipatnacircle.bih.nic.in/,District Administration Purnia (NIC Portal),https://purnea.nic.in/tourist-places/,Rare 18th-century quadrangular fortress with high stone walls and bastions built by the Nawab of Purnia (Saif Khan) as a strategic military border fort against Nepalese invasions. Centrally protected monument under ASI Patna Circle (Monument #49) with documented architectural significance.,EXACT / HIGH CONFIDENCE,CONFIRMED,CLEAN (Zero duplicate risk; verified distance > 5km from all 74 places),✅ APPROVE FOR HUMAN REVIEW
6,23,Saharsa,"Shri Ugratara Sthan, Mahishi",temple,25.8812,86.4412,None (District currently has 0 places in HiddenYatra),District Administration Saharsa (NIC Portal),https://saharsa.nic.in/tourist-places/,Bihar Tourism Board,https://tourism.bihar.gov.in/en/destinations,"One of Bihar's major Tantric Shakti Peethas enshrining a celebrated stone idol of Goddess Tara with Akshobhya Shiva on her head, located in Mahishi block, historically renowned as the seat of philosopher Mandana Mishra and Bharati who debated Adi Shankaracharya. Official destination on Saharsa NIC portal and Bihar Tourism.",EXACT / HIGH CONFIDENCE,CONFIRMED,CLEAN (Zero duplicate risk; verified distance > 5km from all 74 places),✅ APPROVE FOR HUMAN REVIEW
7,24,Samastipur,Vidyapati Dham,cultural,25.6412,85.8124,None (District currently has 0 places in HiddenYatra),District Administration Samastipur (NIC Portal),https://samastipur.nic.in/tourist-places/,Bihar Tourism Board,https://tourism.bihar.gov.in/en/destinations,"Historic Shaivite and cultural shrine at Bazidpur (Vidyapatinagar) dedicated to Ugna Shiva and the immortal 14th-century Maithili poet-saint Mahakavi Vidyapati, who took his final samadhi here on the bank of the Ganga. Major cultural center and annual Vidyapati festival hub backed by District Administration and Bihar Tourism.",EXACT / HIGH CONFIDENCE,CONFIRMED,CLEAN (Zero duplicate risk; verified distance > 5km from all 74 places),✅ APPROVE FOR HUMAN REVIEW
8,26,Saran,Sonepur Hariharnath Temple & Mela Ground,cultural,25.6985,85.1845,None (District currently has 0 places in HiddenYatra),"Bihar Tourism (Department of Tourism, Govt of Bihar)",https://tourism.bihar.gov.in/en/destinations,District Administration Saran (NIC Portal),https://saran.nic.in/tourist-places/,Historic sangam temple at the confluence of Ganga and Gandak rivers where Lord Vishnu and Lord Shiva are worshipped jointly as Hariharnath; site of the legendary Gajendramoksha episode and the world-famous month-long Sonepur Mela (Asia's largest cattle and cultural fair). Bihar Tourism flagship destination.,EXACT / HIGH CONFIDENCE,CONFIRMED,CLEAN (Zero duplicate risk; verified distance > 5km from all 74 places),✅ APPROVE FOR HUMAN REVIEW
9,27,Sheikhpura,"Sri Vishnu Dham, Samas",temple,25.2154,85.7412,None (District currently has 0 places in HiddenYatra),District Administration Sheikhpura (NIC Portal),https://sheikhpura.nic.in/tourist-places/,"Directorate of Archaeology, Bihar",https://yac.bihar.gov.in/,"Remarkable 7.5-foot black basalt monolithic Vishnu sculpture from the Pala period (c. 10th–11th century CE) excavated in 1992, enshrining an intact Vishnu Murti in Samas village. Major archaeological and pilgrimage attraction featured by Sheikhpura District Administration and Directorate of Archaeology.",EXACT / HIGH CONFIDENCE,CONFIRMED,CLEAN (Zero duplicate risk; verified distance > 5km from all 74 places),✅ APPROVE FOR HUMAN REVIEW
10,28,Sheohar,"Baba Bhuwaneshwar Nath Temple, Dekuli",temple,26.4812,85.3125,None (District currently has 0 places in HiddenYatra),District Administration Sheohar (NIC Portal),https://sheohar.nic.in/tourist-places/,Bihar Tourism Board,https://tourism.bihar.gov.in/en/destinations,"Ancient Shaivite shrine (Dekuli Dham) surrounded by a sacred water body, revered locally as established by King Drupada of Mahabharata era and consecrated during Pandava exile. Serves as Sheohar district's paramount religious destination with major Shivratri gatherings featured on NIC portal and Bihar Tourism.",EXACT / HIGH CONFIDENCE,CONFIRMED,CLEAN (Zero duplicate risk; verified distance > 5km from all 74 places),✅ APPROVE FOR HUMAN REVIEW
11,30,Siwan,Zeeradei (Dr. Rajendra Prasad Ancestral House),historical,26.2345,84.2485,None (District currently has 0 places in HiddenYatra),"Archaeological Survey of India (ASI Patna Circle, Monument #64)",https://asipatnacircle.bih.nic.in/,District Administration Siwan (NIC Portal),https://siwan.nic.in/tourist-places/,"Preserved ancestral residence and memorial of Bharat Ratna Dr. Rajendra Prasad, India's first President, maintained as an ASI Centrally Protected Monument (Monument #64) in Zeeradei village with period artefacts, library, and exhibits. Premier national heritage icon in Siwan district.",EXACT / HIGH CONFIDENCE,CONFIRMED,CLEAN (Zero duplicate risk; verified distance > 5km from all 74 places),✅ APPROVE FOR HUMAN REVIEW
12,31,Supaul,"Kosi Barrage, Birpur",tourist_spot,26.5185,86.9312,None (District currently has 0 places in HiddenYatra),District Administration Supaul (NIC Portal),https://supaul.nic.in/tourist-places/,"Water Resources Department, Bihar",https://wrd.bihar.gov.in/,"Massive 56-gate flood-control and water-engineering barrage and reservoir complex at Birpur on the Indo-Nepal border, commissioned in 1963. Offers expansive waterfront vistas, migratory wetland birdwatching, and cross-border river landscape, featured on Supaul NIC portal and Water Resources Department.",EXACT / HIGH CONFIDENCE,CONFIRMED,CLEAN (Zero duplicate risk; verified distance > 5km from all 74 places),✅ APPROVE FOR HUMAN REVIEW
