priority,rank,district,place_name,category,why_it_deserves_priority,evidence_strength,uniqueness,district_coverage_impact,primary_source_name,primary_source_url
P0,1,Araria,Raniganj Vriksh Vatika,nature,Prime eco-tourism landmark in Araria officially promoted by District Administration and Environment & Forest Dept.,Unimpeachable — Centrally Protected ASI / Ramsar / PRASAD Scheme / Official Circuit,World/National significance,High — Unlocks completely unrepresented district (0 places currently),District Administration Araria (NIC Portal),https://araria.nic.in/tourist-places/
P0,2,Arwal,Makhdum Shah Baba Dargah,cultural,"Primary historical and cultural landmark in Arwal district, featured on official administration portal.",Unimpeachable — Centrally Protected ASI / Ramsar / PRASAD Scheme / Official Circuit,World/National significance,High — Unlocks completely unrepresented district (0 places currently),District Administration Arwal (NIC Portal),https://arwal.nic.in/tourist-places/
P0,3,Banka,Odhni Dam Eco-Tourism Complex,adventure,Flagship modern water sports and adventure tourism destination in south Bihar.,Unimpeachable — Centrally Protected ASI / Ramsar / PRASAD Scheme / Official Circuit,World/National significance,High — Unlocks completely unrepresented district (0 places currently),"Bihar Tourism (Department of Tourism, Govt of Bihar)",https://tourism.bihar.gov.in/en/destinations
P0,4,Bhagalpur,Sultanganj Ajgaibinath Temple,temple,"Massive cultural and religious importance, drawing millions of pilgrims annually during the Shravani Mela.",Unimpeachable — Centrally Protected ASI / Ramsar / PRASAD Scheme / Official Circuit,World/National significance,High — Fills major critical gap in high-tourism district,"Bihar Tourism (Department of Tourism, Govt of Bihar)",https://tourism.bihar.gov.in/en/destinations
P0,5,Bhagalpur,Vikramshila Gangetic Dolphin Sanctuary,nature,Globally unique eco-tourism and river safari destination.,Unimpeachable — Centrally Protected ASI / Ramsar / PRASAD Scheme / Official Circuit,World/National significance,High — Fills major critical gap in high-tourism district,"Department of Environment, Forest & Climate Change, Bihar",https://forest.bihar.gov.in/
P0,6,Bhojpur,Aranya Devi Temple,temple,"Chief religious and cultural landmark of Bhojpur district, featured on bhojpur.nic.in.",Unimpeachable — Centrally Protected ASI / Ramsar / PRASAD Scheme / Official Circuit,World/National significance,Medium — Expands regional diversity,District Administration Bhojpur (NIC Portal),https://bhojpur.nic.in/tourist-places/
P0,7,Buxar,Chausa Battlefield & Monument,historical,Crucial medieval Indian history battleground featured on district administration portal.,Unimpeachable — Centrally Protected ASI / Ramsar / PRASAD Scheme / Official Circuit,World/National significance,Medium — Expands regional diversity,District Administration Buxar (NIC Portal),https://buxar.nic.in/tourist-places/
P0,8,Gopalganj,Thawe Mandir,temple,"Foremost pilgrimage and cultural landmark of Gopalganj district, state-level tourism destination.",Unimpeachable — Centrally Protected ASI / Ramsar / PRASAD Scheme / Official Circuit,World/National significance,High — Unlocks completely unrepresented district (0 places currently),"Bihar Tourism (Department of Tourism, Govt of Bihar)",https://tourism.bihar.gov.in/en/destinations
P0,9,Kaimur,Karkatgarh Waterfall & Eco Park,waterfall,"Top eco-tourism and adventure landscape in Bihar, praised by Mughal Emperor Jahangir in Tuzuk-i-Jahangiri.",Unimpeachable — Centrally Protected ASI / Ramsar / PRASAD Scheme / Official Circuit,World/National significance,High — Fills major critical gap in high-tourism district,"Bihar Tourism (Department of Tourism, Govt of Bihar)",https://tourism.bihar.gov.in/en/destinations
P0,10,Kaimur,Telhar Kund Waterfall,waterfall,"Premier waterfall destination in Bihar, promoted prominently on Bihar Tourism Eco Circuit.",Unimpeachable — Centrally Protected ASI / Ramsar / PRASAD Scheme / Official Circuit,World/National significance,High — Fills major critical gap in high-tourism district,"Bihar Tourism (Department of Tourism, Govt of Bihar)",https://tourism.bihar.gov.in/en/destinations
P0,11,Katihar,Gogabil Lake Bird Sanctuary,nature,Nationally recognized biodiversity hotspot and prime avian tourism sanctuary in eastern Bihar.,Unimpeachable — Centrally Protected ASI / Ramsar / PRASAD Scheme / Official Circuit,World/National significance,High — Unlocks completely unrepresented district (0 places currently),"Department of Environment, Forest & Climate Change, Bihar",https://forest.bihar.gov.in/
P0,12,Khagaria,Katyayani Asthan,temple,"Foremost cultural and religious destination in Khagaria district, officially documented on khagaria.nic.in.",Unimpeachable — Centrally Protected ASI / Ramsar / PRASAD Scheme / Official Circuit,World/National significance,High — Unlocks completely unrepresented district (0 places currently),District Administration Khagaria (NIC Portal),https://khagaria.nic.in/tourist-places/
P0,13,Kishanganj,Kishanganj Tea Gardens,nature,Fast-growing agritourism and scenic nature destination promoted by Bihar Department of Agriculture and Tourism.,Unimpeachable — Centrally Protected ASI / Ramsar / PRASAD Scheme / Official Circuit,World/National significance,High — Unlocks completely unrepresented district (0 places currently),"Bihar Tourism (Department of Tourism, Govt of Bihar)",https://tourism.bihar.gov.in/en/destinations
P0,14,Lakhisarai,Ashok Dham Temple,temple,"Foremost pilgrimage landmark of Lakhisarai, drawing millions during Shravani Mela.",Unimpeachable — Centrally Protected ASI / Ramsar / PRASAD Scheme / Official Circuit,World/National significance,High — Unlocks completely unrepresented district (0 places currently),"Bihar Tourism (Department of Tourism, Govt of Bihar)",https://tourism.bihar.gov.in/en/destinations
P0,15,Madhepura,Singheshwar Sthan Temple,temple,"Foremost cultural and religious destination in Kosi division, state-level pilgrimage landmark.",Unimpeachable — Centrally Protected ASI / Ramsar / PRASAD Scheme / Official Circuit,World/National significance,High — Unlocks completely unrepresented district (0 places currently),"Bihar Tourism (Department of Tourism, Govt of Bihar)",https://tourism.bihar.gov.in/en/destinations
P0,16,Madhubani,Rajnagar Palace Complex,historical,"Foremost architectural heritage wonder of Mithila, featured on Bihar Tourism heritage circuit.",Unimpeachable — Centrally Protected ASI / Ramsar / PRASAD Scheme / Official Circuit,World/National significance,Medium — Expands regional diversity,"Bihar Tourism (Department of Tourism, Govt of Bihar)",https://tourism.bihar.gov.in/en/destinations
P0,17,Madhubani,Saurath Sabha Gachhi,cultural,"Rare living anthropological and cultural heritage tradition in India, documented on madhubani.nic.in.",Unimpeachable — Centrally Protected ASI / Ramsar / PRASAD Scheme / Official Circuit,World/National significance,Medium — Expands regional diversity,District Administration Madhubani (NIC Portal),https://madhubani.nic.in/tourist-places/
P0,18,Nalanda,"Jal Mandir, Pawapuri",temple,Foremost sacred pilgrimage center on the global Jain Circuit.,Unimpeachable — Centrally Protected ASI / Ramsar / PRASAD Scheme / Official Circuit,World/National significance,High — Fills major critical gap in high-tourism district,"Bihar Tourism (Department of Tourism, Govt of Bihar)",https://tourism.bihar.gov.in/en/destinations
P0,19,Nalanda,Vishwa Shanti Stupa & Ratnagiri Ropeway,cultural,"Prime landmark of Rajgir, iconic symbol of global peace visited by international dignitaries.",Unimpeachable — Centrally Protected ASI / Ramsar / PRASAD Scheme / Official Circuit,World/National significance,High — Fills major critical gap in high-tourism district,"Bihar Tourism (Department of Tourism, Govt of Bihar)",https://tourism.bihar.gov.in/en/destinations
P0,20,Purnia,Jalalgarh Fort,historical,"Bihar State Protected Monument, foremost historical fort in Seemanchal.",Unimpeachable — Centrally Protected ASI / Ramsar / PRASAD Scheme / Official Circuit,World/National significance,High — Unlocks completely unrepresented district (0 places currently),District Administration Purnia (NIC Portal),https://purnea.nic.in/tourist-places/
P0,21,Rohtas,Shergarh Fort,historical,Bihar State Protected Monument and adventure heritage destination.,Unimpeachable — Centrally Protected ASI / Ramsar / PRASAD Scheme / Official Circuit,World/National significance,High — Fills major critical gap in high-tourism district,District Administration Rohtas (NIC Portal),https://rohtas.nic.in/tourist-places/
P0,22,Rohtas,Tutla Bhawani Waterfall & Hanging Bridge,waterfall,"Flagship eco-tourism and adventure landscape in Bihar, developed by Environment & Forest Department.",Unimpeachable — Centrally Protected ASI / Ramsar / PRASAD Scheme / Official Circuit,World/National significance,High — Fills major critical gap in high-tourism district,"Bihar Tourism (Department of Tourism, Govt of Bihar)",https://tourism.bihar.gov.in/en/destinations
P0,23,Saharsa,"Shri Ugratara Sthan, Mahishi",temple,"Paramount spiritual and philosophical pilgrimage center in eastern Mithila, officially featured on saharsa.nic.in.",Unimpeachable — Centrally Protected ASI / Ramsar / PRASAD Scheme / Official Circuit,World/National significance,High — Unlocks completely unrepresented district (0 places currently),"Bihar Tourism (Department of Tourism, Govt of Bihar)",https://tourism.bihar.gov.in/en/destinations
P0,24,Samastipur,Vidyapati Dham,cultural,"Foremost cultural and literary pilgrimage site of the Mithila region, officially featured on samastipur.nic.in.",Unimpeachable — Centrally Protected ASI / Ramsar / PRASAD Scheme / Official Circuit,World/National significance,High — Unlocks completely unrepresented district (0 places currently),"Bihar Tourism (Department of Tourism, Govt of Bihar)",https://tourism.bihar.gov.in/en/destinations
P0,25,Saran,Chirand Archaeological Site,historical,"One of the most important prehistoric and ancient archaeological monuments in the Indian subcontinent, State Protected.",Unimpeachable — Centrally Protected ASI / Ramsar / PRASAD Scheme / Official Circuit,World/National significance,High — Unlocks completely unrepresented district (0 places currently),Archaeological Survey of India (ASI Patna Circle),https://asipatnacircle.bih.nic.in/
P0,26,Saran,Sonepur Hariharnath Temple & Mela Ground,cultural,Globally celebrated cultural festival and premier pilgrimage stop on Bihar Tourism calendar.,Unimpeachable — Centrally Protected ASI / Ramsar / PRASAD Scheme / Official Circuit,World/National significance,High — Unlocks completely unrepresented district (0 places currently),"Bihar Tourism (Department of Tourism, Govt of Bihar)",https://tourism.bihar.gov.in/en/destinations
P0,27,Sheikhpura,"Sri Vishnu Dham, Samas",temple,"Prime religious and archaeological landmark in Sheikhpura district, drawing pilgrims from all over Bihar.",Unimpeachable — Centrally Protected ASI / Ramsar / PRASAD Scheme / Official Circuit,World/National significance,High — Unlocks completely unrepresented district (0 places currently),"Bihar Tourism (Department of Tourism, Govt of Bihar)",https://tourism.bihar.gov.in/en/destinations
P0,28,Sheohar,"Baba Bhuwaneshwar Nath Temple, Dekuli",temple,"Foremost cultural and spiritual pilgrimage destination in Sheohar district, officially highlighted on sheohar.nic.in.",Unimpeachable — Centrally Protected ASI / Ramsar / PRASAD Scheme / Official Circuit,World/National significance,High — Unlocks completely unrepresented district (0 places currently),"Bihar Tourism (Department of Tourism, Govt of Bihar)",https://tourism.bihar.gov.in/en/destinations
P0,29,Sitamarhi,Punaura Dham,temple,"National flagship pilgrimage center under Government of India's PRASAD scheme, major stop on Ramayana Circuit.",Unimpeachable — Centrally Protected ASI / Ramsar / PRASAD Scheme / Official Circuit,World/National significance,Medium — Expands regional diversity,"Bihar Tourism (Department of Tourism, Govt of Bihar)",https://tourism.bihar.gov.in/en/destinations
P0,30,Siwan,Zeeradei (Dr. Rajendra Prasad Ancestral House),historical,"ASI Centrally Protected Monument of profound national importance, visited by national leaders.",Unimpeachable — Centrally Protected ASI / Ramsar / PRASAD Scheme / Official Circuit,World/National significance,High — Unlocks completely unrepresented district (0 places currently),Archaeological Survey of India (ASI Patna Circle),https://asipatnacircle.bih.nic.in/
P0,31,Supaul,"Kosi Barrage, Birpur",tourist_spot,Premier engineering landmark and scenic sunset tourism destination in Kosi division.,Unimpeachable — Centrally Protected ASI / Ramsar / PRASAD Scheme / Official Circuit,World/National significance,High — Unlocks completely unrepresented district (0 places currently),"Bihar Tourism (Department of Tourism, Govt of Bihar)",https://tourism.bihar.gov.in/en/destinations
P0,32,Vaishali,"Ashokan Pillar & Ananda Stupa, Kolhua",historical,ASI Centrally Protected Monument of National Importance.,Unimpeachable — Centrally Protected ASI / Ramsar / PRASAD Scheme / Official Circuit,World/National significance,High — Fills major critical gap in high-tourism district,Archaeological Survey of India (ASI Patna Circle),https://asipatnacircle.bih.nic.in/
P0,33,Vaishali,"Buddha Relic Stupa, Vaishali",historical,"One of the most sacred Buddhist archaeological sites in existence, ASI Centrally Protected Monument.",Unimpeachable — Centrally Protected ASI / Ramsar / PRASAD Scheme / Official Circuit,World/National significance,High — Fills major critical gap in high-tourism district,Archaeological Survey of India (ASI Patna Circle),https://asipatnacircle.bih.nic.in/
P0,34,Vaishali,"Vishwa Shanti Stupa, Vaishali",cultural,Major landmark of international peace and Buddhist devotion.,Unimpeachable — Centrally Protected ASI / Ramsar / PRASAD Scheme / Official Circuit,World/National significance,High — Fills major critical gap in high-tourism district,"Bihar Tourism (Department of Tourism, Govt of Bihar)",https://tourism.bihar.gov.in/en/destinations
P0,35,West Champaran,Bhitiharwa Gandhi Ashram,historical,National freedom heritage monument and prime anchor of the official Gandhi Circuit in India.,Unimpeachable — Centrally Protected ASI / Ramsar / PRASAD Scheme / Official Circuit,World/National significance,High — Fills major critical gap in high-tourism district,"Ministry of Culture, Government of India",https://indiaculture.gov.in/
P0,36,West Champaran,Lauriya Nandangarh,historical,ASI Centrally Protected Monument of supreme national archaeological importance.,Unimpeachable — Centrally Protected ASI / Ramsar / PRASAD Scheme / Official Circuit,World/National significance,High — Fills major critical gap in high-tourism district,Archaeological Survey of India (ASI Patna Circle),https://asipatnacircle.bih.nic.in/
P1,37,Araria,"Bio-Diversity Park, Kusiargaon",nature,State's pioneer biodiversity education and nature tourism centre situated on the East-West Highway Corridor.,Strong — District Administration Portal & State Directorate of Archaeology,Prominent regional heritage,High — Unlocks completely unrepresented district (0 places currently),District Administration Araria (NIC Portal),https://araria.nic.in/tourist-places/
P1,38,Araria,Phanishwar Nath Renu Smarak & Birthplace,cultural,Significant literary pilgrimage and cultural heritage site for Indian literature and Hindi culture.,Strong — District Administration Portal & State Directorate of Archaeology,Prominent regional heritage,High — Unlocks completely unrepresented district (0 places currently),District Administration Araria (NIC Portal),https://araria.nic.in/tourist-places/
P1,39,Arwal,Aganoor Mini Hydroelectric Project,tourist_spot,Official tourist attraction recognized on district government portal for technical and scenic interest.,Strong — District Administration Portal & State Directorate of Archaeology,Prominent regional heritage,High — Unlocks completely unrepresented district (0 places currently),District Administration Arwal (NIC Portal),https://arwal.nic.in/tourist-places/
P1,40,Aurangabad,Amjhar Sharif,cultural,Key stop on Bihar Tourism official Sufi Circuit.,Strong — District Administration Portal & State Directorate of Archaeology,Prominent regional heritage,Medium — Expands regional diversity,"Bihar Tourism (Department of Tourism, Govt of Bihar)",https://tourism.bihar.gov.in/en/destinations
P1,41,Aurangabad,Daud Khan Fort,historical,"Bihar State Protected Monument, major historical fort along Son river trade route.",Strong — District Administration Portal & State Directorate of Archaeology,Prominent regional heritage,Medium — Expands regional diversity,"Bihar Tourism (Department of Tourism, Govt of Bihar)",https://tourism.bihar.gov.in/en/destinations
P1,42,Aurangabad,Deokund,temple,Featured religious heritage site promoted by Bihar Tourism Ramayana / Spiritual circuit.,Strong — District Administration Portal & State Directorate of Archaeology,Prominent regional heritage,Medium — Expands regional diversity,"Bihar Tourism (Department of Tourism, Govt of Bihar)",https://tourism.bihar.gov.in/en/destinations
P1,43,Aurangabad,Tomb of Shamsher Khan,historical,ASI Centrally Protected Monument of National Importance in Bihar.,Strong — District Administration Portal & State Directorate of Archaeology,Prominent regional heritage,Medium — Expands regional diversity,Archaeological Survey of India (ASI Patna Circle),https://asipatnacircle.bih.nic.in/
P1,44,Aurangabad,Umga Sun Temple & Rock Complex,historical,Major archaeological gem of Magadh region with historic inscriptions of King Bhairavendra.,Strong — District Administration Portal & State Directorate of Archaeology,Prominent regional heritage,Medium — Expands regional diversity,"Bihar Tourism (Department of Tourism, Govt of Bihar)",https://tourism.bihar.gov.in/en/destinations
P1,45,Banka,Chandan Dam,lake,Scenic eco-tourism and picnic destination highlighted in district portal.,Strong — District Administration Portal & State Directorate of Archaeology,Prominent regional heritage,High — Unlocks completely unrepresented district (0 places currently),District Administration Banka (NIC Portal),https://banka.nic.in/tourist-places/
P1,46,Banka,Jethor Nath Mandir,temple,Featured place of interest on official district portal.,Strong — District Administration Portal & State Directorate of Archaeology,Prominent regional heritage,High — Unlocks completely unrepresented district (0 places currently),District Administration Banka (NIC Portal),https://banka.nic.in/tourist-places/
P1,47,Banka,Papaharini Tank,lake,Integral component of the Mandar Hill tourism complex officially highlighted on banka.nic.in.,Strong — District Administration Portal & State Directorate of Archaeology,Prominent regional heritage,High — Unlocks completely unrepresented district (0 places currently),District Administration Banka (NIC Portal),https://banka.nic.in/tourist-places/
P1,48,Begusarai,Jaimangla Garh,historical,Bihar State Protected Monument and vital cultural-heritage complement to Kanwar Lake.,Strong — District Administration Portal & State Directorate of Archaeology,Prominent regional heritage,Medium — Expands regional diversity,District Administration Begusarai (NIC Portal),https://begusarai.nic.in/tourist-places/
P1,49,Begusarai,"Naulakha Temple, Begusarai",temple,Prime religious destination within Begusarai city.,Strong — District Administration Portal & State Directorate of Archaeology,Prominent regional heritage,Medium — Expands regional diversity,District Administration Begusarai (NIC Portal),https://begusarai.nic.in/tourist-places/
P1,50,Begusarai,Simaria Ghat & Dinkar Memorial,cultural,Major cultural and spiritual ghat on Ganga with recently renovated riverfront promenade and Dinkar memorial library.,Strong — District Administration Portal & State Directorate of Archaeology,Prominent regional heritage,Medium — Expands regional diversity,"Bihar Tourism (Department of Tourism, Govt of Bihar)",https://tourism.bihar.gov.in/en/destinations
P1,51,Bhagalpur,Bateshwar Sthan & Patharghata Caves,historical,"ASI Centrally Protected Monument, featured in Kalidasa's Kumarasambhava.",Strong — District Administration Portal & State Directorate of Archaeology,Prominent regional heritage,High — Fills major critical gap in high-tourism district,Archaeological Survey of India (ASI Patna Circle),https://asipatnacircle.bih.nic.in/
P1,52,Bhagalpur,Bhagalpuri Silk Weaver Cluster,cultural,Official Geographical Indication (GI) craft hub and textile heritage tourism center.,Strong — District Administration Portal & State Directorate of Archaeology,Prominent regional heritage,High — Fills major critical gap in high-tourism district,Geographical Indications Registry of India,https://ipindia.gov.in/
P1,53,Bhagalpur,Champanagar Ancient Capital & Jain Tirth,cultural,Major pilgrimage destination on the Jain Circuit and ancient urban archaeological mound.,Strong — District Administration Portal & State Directorate of Archaeology,Prominent regional heritage,High — Fills major critical gap in high-tourism district,"Bihar Tourism (Department of Tourism, Govt of Bihar)",https://tourism.bihar.gov.in/en/destinations
P1,54,Bhagalpur,Kahalgaon Rock-Cut Temples,historical,ASI Centrally Protected Monument of National Importance.,Strong — District Administration Portal & State Directorate of Archaeology,Prominent regional heritage,High — Fills major critical gap in high-tourism district,Archaeological Survey of India (ASI Patna Circle),https://asipatnacircle.bih.nic.in/
P1,55,Bhagalpur,Kuppa Ghat & Maharshi Mehi Ashram,cultural,Prominent spiritual tourism retreat visited by thousands of seekers.,Strong — District Administration Portal & State Directorate of Archaeology,Prominent regional heritage,High — Fills major critical gap in high-tourism district,District Administration Bhagalpur (NIC Portal),https://bhagalpur.nic.in/tourist-places/
P1,56,Bhojpur,Ara House,historical,Bihar State Protected Monument with rich archival relevance for 1857 history.,Strong — District Administration Portal & State Directorate of Archaeology,Prominent regional heritage,Medium — Expands regional diversity,"Directorate of Archaeology, Bihar",https://yac.bihar.gov.in/
P1,57,Bhojpur,"Sun Temple, Tarari",temple,Official place of interest on district administration portal.,Strong — District Administration Portal & State Directorate of Archaeology,Prominent regional heritage,Medium — Expands regional diversity,District Administration Bhojpur (NIC Portal),https://bhojpur.nic.in/tourist-places/
P1,58,Buxar,Ahirauli Ahilya Sthan,temple,Core Ramayana Circuit destination in Bihar.,Strong — District Administration Portal & State Directorate of Archaeology,Prominent regional heritage,Medium — Expands regional diversity,"Bihar Tourism (Department of Tourism, Govt of Bihar)",https://tourism.bihar.gov.in/en/destinations
P1,59,Buxar,Bausagarh Mound,historical,Bihar State Protected Monument.,Strong — District Administration Portal & State Directorate of Archaeology,Prominent regional heritage,Medium — Expands regional diversity,"Directorate of Archaeology, Bihar",https://yac.bihar.gov.in/
P1,60,Buxar,"Bihari Ji Temple, Dumraon",temple,Unique cultural and music heritage site connecting classical music to temple tradition.,Strong — District Administration Portal & State Directorate of Archaeology,Prominent regional heritage,Medium — Expands regional diversity,District Administration Buxar (NIC Portal),https://buxar.nic.in/tourist-places/
P1,61,Buxar,"Brahmeshwar Nath Temple, Brahmpur",temple,State-level religious pilgrimage destination officially documented on buxar.nic.in.,Strong — District Administration Portal & State Directorate of Archaeology,Prominent regional heritage,Medium — Expands regional diversity,District Administration Buxar (NIC Portal),https://buxar.nic.in/tourist-places/
P1,62,Buxar,Ramrekha Ghat,cultural,"Chief cultural, religious, and evening Aarti gathering point in Buxar; Ramayana Circuit stop.",Strong — District Administration Portal & State Directorate of Archaeology,Prominent regional heritage,Medium — Expands regional diversity,"Bihar Tourism (Department of Tourism, Govt of Bihar)",https://tourism.bihar.gov.in/en/destinations
P1,63,Darbhanga,"Ahilya Sthan, Ahiyari",temple,Official Ramayana Circuit destination in Mithila.,Strong — District Administration Portal & State Directorate of Archaeology,Prominent regional heritage,High — Fills major critical gap in high-tourism district,District Administration Darbhanga (NIC Portal),https://darbhanga.nic.in/tourist-places/
P1,64,Darbhanga,Chandradhari Museum,museum,"Leading museum of North Bihar officially managed by Directorate of Museums, Government of Bihar.",Strong — District Administration Portal & State Directorate of Archaeology,Prominent regional heritage,High — Fills major critical gap in high-tourism district,District Administration Darbhanga (NIC Portal),https://darbhanga.nic.in/tourist-places/
P1,65,Darbhanga,Kusheshwar Asthan Bird Sanctuary & Temple,nature,Major eco-tourism and birdwatching haven declared a wildlife sanctuary by Bihar Government in 1994.,Strong — District Administration Portal & State Directorate of Archaeology,Prominent regional heritage,High — Fills major critical gap in high-tourism district,District Administration Darbhanga (NIC Portal),https://darbhanga.nic.in/tourist-places/
P1,66,Darbhanga,Shyama Mai Temple,temple,"Foremost religious destination in Darbhanga town, officially featured on darbhanga.nic.in.",Strong — District Administration Portal & State Directorate of Archaeology,Prominent regional heritage,High — Fills major critical gap in high-tourism district,District Administration Darbhanga (NIC Portal),https://darbhanga.nic.in/tourist-places/
P1,67,East Champaran,Areraj Someshwar Nath Temple & Ashokan Pillar,historical,ASI Centrally Protected Monument and prominent Shravani pilgrimage centre.,Strong — District Administration Portal & State Directorate of Archaeology,Prominent regional heritage,Medium — Expands regional diversity,Archaeological Survey of India (ASI Patna Circle),https://asipatnacircle.bih.nic.in/
P1,68,East Champaran,"Gandhi Memorial & Sangrahalaya, Motihari",cultural,"Historic birthground of India's civil disobedience movement, official Gandhi Circuit anchor.",Strong — District Administration Portal & State Directorate of Archaeology,Prominent regional heritage,Medium — Expands regional diversity,"Bihar Tourism (Department of Tourism, Govt of Bihar)",https://tourism.bihar.gov.in/en/destinations
P1,69,East Champaran,George Orwell Birthplace & Memorial,historical,Internationally recognized literary tourism destination drawing global travelers and literature enthusiasts.,Strong — District Administration Portal & State Directorate of Archaeology,Prominent regional heritage,Medium — Expands regional diversity,District Administration East Champaran (NIC Portal),https://eastchamparan.nic.in/tourist-places/
P1,70,East Champaran,Sagar Dih Mound & Stupa,historical,ASI Centrally Protected Monument of National Importance.,Strong — District Administration Portal & State Directorate of Archaeology,Prominent regional heritage,Medium — Expands regional diversity,Archaeological Survey of India (ASI Patna Circle),https://asipatnacircle.bih.nic.in/
P1,71,Gaya,Kauwadol Hill & Colossal Buddha Statue,historical,ASI Centrally Protected Monument of National Importance.,Strong — District Administration Portal & State Directorate of Archaeology,Prominent regional heritage,Medium — Expands regional diversity,Archaeological Survey of India (ASI Patna Circle),https://asipatnacircle.bih.nic.in/
P1,72,Gaya,Koncheswar Mahadev Temple,historical,ASI Centrally Protected Monument of National Importance.,Strong — District Administration Portal & State Directorate of Archaeology,Prominent regional heritage,Medium — Expands regional diversity,Archaeological Survey of India (ASI Patna Circle),https://asipatnacircle.bih.nic.in/
P1,73,Gaya,Kurkihar Archaeological Site,historical,ASI Centrally Protected Monument.,Strong — District Administration Portal & State Directorate of Archaeology,Prominent regional heritage,Medium — Expands regional diversity,Archaeological Survey of India (ASI Patna Circle),https://asipatnacircle.bih.nic.in/
P1,74,Gaya,Mahabodhi Temple Complex & Bodhi Tree,historical,Most sacred Buddhist pilgrimage destination in the world.,Strong — District Administration Portal & State Directorate of Archaeology,Prominent regional heritage,Medium — Expands regional diversity,District Administration Gaya,https://gaya.nic.in/tourist-places/
P1,75,Gaya,Sujata Stupa & Kuti,historical,ASI Centrally Protected Monument on the international Buddhist circuit.,Strong — District Administration Portal & State Directorate of Archaeology,Prominent regional heritage,Medium — Expands regional diversity,Archaeological Survey of India (ASI Patna Circle),https://asipatnacircle.bih.nic.in/
P1,76,Gopalganj,Dighwa Dubauli Archaeological Mounds,historical,Official historical tourist attraction on gopalganj.nic.in.,Strong — District Administration Portal & State Directorate of Archaeology,Prominent regional heritage,High — Unlocks completely unrepresented district (0 places currently),District Administration Gopalganj (NIC Portal),https://gopalganj.nic.in/tourist-places/
P1,77,Gopalganj,Lakri Dargah,cultural,Significant Sufi pilgrimage site officially documented on gopalganj.nic.in.,Strong — District Administration Portal & State Directorate of Archaeology,Prominent regional heritage,High — Unlocks completely unrepresented district (0 places currently),District Administration Gopalganj (NIC Portal),https://gopalganj.nic.in/tourist-places/
P1,78,Jamui,Nagi Dam Bird Sanctuary,nature,National-level conservation and eco-tourism landmark.,Strong — District Administration Portal & State Directorate of Archaeology,Prominent regional heritage,Medium — Expands regional diversity,Ramsar Wetlands Secretariat (UNESCO/IUCN),https://rsis.ramsar.org/
P1,79,Jehanabad,Baba Siddheshwarnath Temple,temple,"Foremost pilgrimage shrine in Jehanabad district, officially featured on jehanabad.nic.in.",Strong — District Administration Portal & State Directorate of Archaeology,Prominent regional heritage,High — Unlocks completely unrepresented district (0 places currently),District Administration Jehanabad (NIC Portal),https://jehanabad.nic.in/tourist-places/
P1,80,Jehanabad,Ghejan Buddhist Archaeological Site,historical,ASI Centrally Protected Monument of National Importance.,Strong — District Administration Portal & State Directorate of Archaeology,Prominent regional heritage,High — Unlocks completely unrepresented district (0 places currently),Archaeological Survey of India (ASI Patna Circle),https://asipatnacircle.bih.nic.in/
P1,81,Jehanabad,Hazrat Bibi Kamal Ka Maqbara,cultural,Significant historical Sufi shrine documented on official portal.,Strong — District Administration Portal & State Directorate of Archaeology,Prominent regional heritage,High — Unlocks completely unrepresented district (0 places currently),District Administration Jehanabad (NIC Portal),https://jehanabad.nic.in/tourist-places/
P1,82,Jehanabad,Nagarjuni Caves,historical,ASI Centrally Protected Monuments of National Importance.,Strong — District Administration Portal & State Directorate of Archaeology,Prominent regional heritage,High — Unlocks completely unrepresented district (0 places currently),Archaeological Survey of India (ASI Patna Circle),https://asipatnacircle.bih.nic.in/
P1,83,Kaimur,"Baidyanath Temple, Kaimur",historical,ASI Centrally Protected Monument and district tourist site.,Strong — District Administration Portal & State Directorate of Archaeology,Prominent regional heritage,High — Fills major critical gap in high-tourism district,Archaeological Survey of India (ASI Patna Circle),https://asipatnacircle.bih.nic.in/
P1,84,Kaimur,Kaimur Wildlife Sanctuary & Adhaura Hills,nature,Proposed second Tiger Reserve of Bihar and flagship eco-tourism region.,Strong — District Administration Portal & State Directorate of Archaeology,Prominent regional heritage,High — Fills major critical gap in high-tourism district,"Department of Environment, Forest & Climate Change, Bihar",https://forest.bihar.gov.in/
P1,85,Kaimur,Tomb of Bakhtiyar Khan,historical,ASI Centrally Protected Monument of National Importance.,Strong — District Administration Portal & State Directorate of Archaeology,Prominent regional heritage,High — Fills major critical gap in high-tourism district,Archaeological Survey of India (ASI Patna Circle),https://asipatnacircle.bih.nic.in/
P1,86,Katihar,Gorakhnath Temple,temple,Key religious site officially promoted by District Administration Katihar.,Strong — District Administration Portal & State Directorate of Archaeology,Prominent regional heritage,High — Unlocks completely unrepresented district (0 places currently),District Administration Katihar (NIC Portal),https://katihar.nic.in/tourism/
P1,87,Katihar,Guru Tegh Bahadur Historic Gurdwara,cultural,Important pilgrimage shrine on the official Bihar Sikh Circuit.,Strong — District Administration Portal & State Directorate of Archaeology,Prominent regional heritage,High — Unlocks completely unrepresented district (0 places currently),"Bihar Tourism (Department of Tourism, Govt of Bihar)",https://tourism.bihar.gov.in/en/destinations
P1,88,Kishanganj,"Kanhaiya Ji Mandir, Bandarjhula",historical,ASI Centrally Protected Monument of National Importance in Bihar.,Strong — District Administration Portal & State Directorate of Archaeology,Prominent regional heritage,High — Unlocks completely unrepresented district (0 places currently),Archaeological Survey of India (ASI Patna Circle),https://asipatnacircle.bih.nic.in/
P1,89,Kishanganj,Khagra Mela Ground & Nawab Palace,cultural,"Primary cultural identity landmark of Kishanganj, documented on kishanganj.nic.in.",Strong — District Administration Portal & State Directorate of Archaeology,Prominent regional heritage,High — Unlocks completely unrepresented district (0 places currently),District Administration Kishanganj (NIC Portal),https://kishanganj.nic.in/tourist-places/
P1,90,Kishanganj,Mahananda Riverfront Promenade,nature,Highlighted local visitor spot on kishanganj.nic.in.,Strong — District Administration Portal & State Directorate of Archaeology,Prominent regional heritage,High — Unlocks completely unrepresented district (0 places currently),District Administration Kishanganj (NIC Portal),https://kishanganj.nic.in/tourist-places/
P1,91,Lakhisarai,Barahiya Maharani Sthan,temple,Key cultural pilgrimage destination in North-East Magadh.,Strong — District Administration Portal & State Directorate of Archaeology,Prominent regional heritage,High — Unlocks completely unrepresented district (0 places currently),District Administration Lakhisarai (NIC Portal),https://lakhisarai.nic.in/tourist-places/
P1,92,Lakhisarai,Lali Pahadi Archaeological Site,historical,"One of seven protected archaeological sites in the district, inaugurated as an open-air archaeological park.",Strong — District Administration Portal & State Directorate of Archaeology,Prominent regional heritage,High — Unlocks completely unrepresented district (0 places currently),District Administration Lakhisarai (NIC Portal),https://lakhisarai.nic.in/tourist-places/
P1,93,Lakhisarai,Shringirishi Dham,nature,Major eco-tourism and pilgrimage spot featured on lakhisarai.nic.in.,Strong — District Administration Portal & State Directorate of Archaeology,Prominent regional heritage,High — Unlocks completely unrepresented district (0 places currently),"Bihar Tourism (Department of Tourism, Govt of Bihar)",https://tourism.bihar.gov.in/en/destinations
P1,94,Madhepura,Baba Vishu Raut Temple,cultural,"Unique living folk cultural heritage and pastoral festival in Bihar, officially recognized on madhepura.nic.in.",Strong — District Administration Portal & State Directorate of Archaeology,Prominent regional heritage,High — Unlocks completely unrepresented district (0 places currently),District Administration Madhepura (NIC Portal),https://madhepura.nic.in/tourist-places/
P1,95,Madhubani,Bhawanipur Ugna Shiva Mandir,temple,Celebrated Mithila cultural and poetic heritage site.,Strong — District Administration Portal & State Directorate of Archaeology,Prominent regional heritage,Medium — Expands regional diversity,District Administration Madhubani (NIC Portal),https://madhubani.nic.in/tourist-places/
P1,96,Madhubani,Kapileshwar Sthan,temple,Prime religious shrine in Madhubani district.,Strong — District Administration Portal & State Directorate of Archaeology,Prominent regional heritage,Medium — Expands regional diversity,District Administration Madhubani (NIC Portal),https://madhubani.nic.in/tourist-places/
P1,97,Madhubani,Raja Bali Ka Garh,historical,ASI Centrally Protected Monument of National Importance in Bihar.,Strong — District Administration Portal & State Directorate of Archaeology,Prominent regional heritage,Medium — Expands regional diversity,Archaeological Survey of India (ASI Patna Circle),https://asipatnacircle.bih.nic.in/
P1,98,Madhubani,Ranti Art Village,cultural,Globally recognized women-led traditional craft cluster.,Strong — District Administration Portal & State Directorate of Archaeology,Prominent regional heritage,Medium — Expands regional diversity,"Bihar Tourism (Department of Tourism, Govt of Bihar)",https://tourism.bihar.gov.in/en/destinations
P1,99,Madhubani,Uchaith Bhagwati Mandir,temple,Prominent cultural and literary pilgrimage site in North Bihar.,Strong — District Administration Portal & State Directorate of Archaeology,Prominent regional heritage,Medium — Expands regional diversity,District Administration Madhubani (NIC Portal),https://madhubani.nic.in/tourist-places/
P1,100,Munger,Bihar School of Yoga / Ganga Darshan,cultural,Global spiritual and wellness tourism landmark on the banks of Ganga.,Strong — District Administration Portal & State Directorate of Archaeology,Prominent regional heritage,Medium — Expands regional diversity,"Bihar Tourism (Department of Tourism, Govt of Bihar)",https://tourism.bihar.gov.in/en/destinations
P1,101,Munger,Chandika Sthan,temple,Major pilgrimage destination in eastern Bihar.,Strong — District Administration Portal & State Directorate of Archaeology,Prominent regional heritage,Medium — Expands regional diversity,District Administration Munger (NIC Portal),https://munger.nic.in/tourist-places/
P1,102,Munger,Kashtaharani Ghat,cultural,Famous spiritual and evening gathering promenade with panoramic river views.,Strong — District Administration Portal & State Directorate of Archaeology,Prominent regional heritage,Medium — Expands regional diversity,"Bihar Tourism (Department of Tourism, Govt of Bihar)",https://tourism.bihar.gov.in/en/destinations
P1,103,Munger,Kharagpur Lake & Haveli Kharagpur,lake,Top picnic and eco-tourism spot in Munger district.,Strong — District Administration Portal & State Directorate of Archaeology,Prominent regional heritage,Medium — Expands regional diversity,District Administration Munger (NIC Portal),https://munger.nic.in/tourist-places/
P1,104,Munger,Rishi Kund,nature,Scenic eco-tourism and pilgrimage site featured on munger.nic.in.,Strong — District Administration Portal & State Directorate of Archaeology,Prominent regional heritage,Medium — Expands regional diversity,District Administration Munger (NIC Portal),https://munger.nic.in/tourist-places/
P1,105,Muzaffarpur,Baba Garibnath Temple,temple,"Foremost religious destination in Muzaffarpur, officially documented on muzaffarpur.nic.in.",Strong — District Administration Portal & State Directorate of Archaeology,Prominent regional heritage,Medium — Expands regional diversity,District Administration Muzaffarpur (NIC Portal),https://muzaffarpur.nic.in/tourist-places/
P1,106,Muzaffarpur,Katra Garh & Chamunda Mandir,historical,Bihar State Protected Monument and vital archaeological site.,Strong — District Administration Portal & State Directorate of Archaeology,Prominent regional heritage,Medium — Expands regional diversity,"Directorate of Archaeology, Bihar",https://yac.bihar.gov.in/
P1,107,Muzaffarpur,Ramchandra Shahi Museum,museum,"Official state museum in Tirhut division managed by Directorate of Museums, Government of Bihar.",Strong — District Administration Portal & State Directorate of Archaeology,Prominent regional heritage,Medium — Expands regional diversity,District Administration Muzaffarpur (NIC Portal),https://muzaffarpur.nic.in/tourist-places/
P1,108,Muzaffarpur,Sujani Embroidery Craft Cluster,cultural,Important cultural craft tourism center recognized by UNESCO and Ministry of Textiles.,Strong — District Administration Portal & State Directorate of Archaeology,Prominent regional heritage,Medium — Expands regional diversity,Geographical Indications Registry of India,https://ipindia.gov.in/
P1,109,Nalanda,Brahma Kund & Hot Springs,nature,Famous wellness and pilgrimage destination since antiquity.,Strong — District Administration Portal & State Directorate of Archaeology,Prominent regional heritage,High — Fills major critical gap in high-tourism district,"Bihar Tourism (Department of Tourism, Govt of Bihar)",https://tourism.bihar.gov.in/en/destinations
P1,110,Nalanda,Cyclopean Wall of Rajgir,historical,"One of the oldest stone structural fortifications in the world, ASI Centrally Protected Monument.",Strong — District Administration Portal & State Directorate of Archaeology,Prominent regional heritage,High — Fills major critical gap in high-tourism district,Archaeological Survey of India (ASI Patna Circle),https://asipatnacircle.bih.nic.in/
P1,111,Nalanda,Ghora Katora Lake Eco-Reserve,nature,Bihar's premier eco-tourism nature park with paddle boating and cycling trails.,Strong — District Administration Portal & State Directorate of Archaeology,Prominent regional heritage,High — Fills major critical gap in high-tourism district,"Bihar Tourism (Department of Tourism, Govt of Bihar)",https://tourism.bihar.gov.in/en/destinations
P1,112,Nalanda,Griddhakuta (Vulture's Peak),historical,Most revered Buddhist pilgrimage hill in the world.,Strong — District Administration Portal & State Directorate of Archaeology,Prominent regional heritage,High — Fills major critical gap in high-tourism district,Archaeological Survey of India (ASI Patna Circle),https://asipatnacircle.bih.nic.in/
P1,113,Nalanda,Rajgir Glass Bridge & Nature Safari,adventure,Modern flagship adventure tourism destination in Bihar inaugurated in 2021.,Strong — District Administration Portal & State Directorate of Archaeology,Prominent regional heritage,High — Fills major critical gap in high-tourism district,"Bihar Tourism (Department of Tourism, Govt of Bihar)",https://tourism.bihar.gov.in/en/destinations
P1,114,Nalanda,Saptaparni Cave,historical,Foundational historic site for Buddhist literature and canonical Vinaya/Sutta Pitaka.,Strong — District Administration Portal & State Directorate of Archaeology,Prominent regional heritage,High — Fills major critical gap in high-tourism district,Archaeological Survey of India (ASI Patna Circle),https://asipatnacircle.bih.nic.in/
P1,115,Nalanda,Venuvana Vihara,historical,World's first Buddhist monastery garden officially maintained by Bihar Tourism.,Strong — District Administration Portal & State Directorate of Archaeology,Prominent regional heritage,High — Fills major critical gap in high-tourism district,Archaeological Survey of India (ASI Patna Circle),https://asipatnacircle.bih.nic.in/
P1,116,Nalanda,Xuanzang (Hiuen Tsang) Memorial Hall,cultural,"Symbol of Sino-Indian civilizational dialogue housing relics, murals, and statue.",Strong — District Administration Portal & State Directorate of Archaeology,Prominent regional heritage,High — Fills major critical gap in high-tourism district,"Ministry of Culture, Government of India",https://indiaculture.gov.in/
P1,117,Nawada,Gunawa Ji Tirth,temple,Prominent stop on the official Bihar Jain Circuit.,Strong — District Administration Portal & State Directorate of Archaeology,Prominent regional heritage,Medium — Expands regional diversity,"Bihar Tourism (Department of Tourism, Govt of Bihar)",https://tourism.bihar.gov.in/en/destinations
P1,118,Nawada,"Indrasal Cave, Parvati Hill",historical,Archaeological Buddhist site of national historical significance.,Strong — District Administration Portal & State Directorate of Archaeology,Prominent regional heritage,Medium — Expands regional diversity,District Administration Nawada (NIC Portal),https://nawada.nic.in/tourist-places/
P1,119,Nawada,"Sarvodaya Ashram, Shekhodeora",cultural,Major national political and socio-cultural pilgrimage site documented on nawada.nic.in.,Strong — District Administration Portal & State Directorate of Archaeology,Prominent regional heritage,Medium — Expands regional diversity,District Administration Nawada (NIC Portal),https://nawada.nic.in/tourist-places/
P1,120,Nawada,"Surya Mandir, Handiya",temple,Major Chhath Puja pilgrimage destination officially featured on nawada.nic.in.,Strong — District Administration Portal & State Directorate of Archaeology,Prominent regional heritage,Medium — Expands regional diversity,District Administration Nawada (NIC Portal),https://nawada.nic.in/tourist-places/
P1,121,Patna,Chhoti Patan Devi,temple,Bihar State Protected Monument and core Shaktipeeth pilgrimage destination.,Strong — District Administration Portal & State Directorate of Archaeology,Prominent regional heritage,Medium — Expands regional diversity,District Administration Patna (NIC Portal),https://patna.nic.in/tourist-places/
P1,122,Patna,Jalan Museum (Qila House),museum,Exclusive world-class decorative art collection recognized by global historians.,Strong — District Administration Portal & State Directorate of Archaeology,Prominent regional heritage,Medium — Expands regional diversity,"Bihar Tourism (Department of Tourism, Govt of Bihar)",https://tourism.bihar.gov.in/en/destinations
P1,123,Patna,Kamaldah Jain Temple,temple,State Protected Monument on the official Jain Circuit.,Strong — District Administration Portal & State Directorate of Archaeology,Prominent regional heritage,Medium — Expands regional diversity,"Directorate of Archaeology, Bihar",https://yac.bihar.gov.in/
P1,124,Patna,Khuda Bakhsh Oriental Public Library,cultural,One of the richest libraries of Islamic and medieval manuscripts in the world.,Strong — District Administration Portal & State Directorate of Archaeology,Prominent regional heritage,Medium — Expands regional diversity,"Ministry of Culture, Government of India",https://indiaculture.gov.in/
P1,125,Patna,NIT Ghat & Ganga Aarti,cultural,Signature evening cultural tourism attraction in Patna city.,Strong — District Administration Portal & State Directorate of Archaeology,Prominent regional heritage,Medium — Expands regional diversity,District Administration Patna,https://patna.nic.in/tourist-places/
P1,126,Purnia,Kajha Kothi Eco Park,nature,Leading eco-tourism and recreation attraction in Purnia district.,Strong — District Administration Portal & State Directorate of Archaeology,Prominent regional heritage,High — Unlocks completely unrepresented district (0 places currently),District Administration Purnia (NIC Portal),https://purnea.nic.in/tourist-places/
P1,127,Purnia,Mata Puran Devi Temple,temple,"Core religious and identity landmark of Purnia, featured on purnea.nic.in.",Strong — District Administration Portal & State Directorate of Archaeology,Prominent regional heritage,High — Unlocks completely unrepresented district (0 places currently),District Administration Purnia (NIC Portal),https://purnea.nic.in/tourist-places/
P1,128,Rohtas,"Ashokan Inscription, Chandan Shahid Hill",historical,ASI Centrally Protected Monument of National Importance.,Strong — District Administration Portal & State Directorate of Archaeology,Prominent regional heritage,High — Fills major critical gap in high-tourism district,Archaeological Survey of India (ASI Patna Circle),https://asipatnacircle.bih.nic.in/
P1,129,Rohtas,Dhuan Kund & Manjhar Kund Waterfalls,waterfall,Highly popular nature tourism destination featured on rohtas.nic.in.,Strong — District Administration Portal & State Directorate of Archaeology,Prominent regional heritage,High — Fills major critical gap in high-tourism district,District Administration Rohtas (NIC Portal),https://rohtas.nic.in/tourist-places/
P1,130,Rohtas,Gupta Dham (Gupteshwar Mahadev Cave),nature,Historic pilgrimage and spelunking destination officially documented on rohtas.nic.in.,Strong — District Administration Portal & State Directorate of Archaeology,Prominent regional heritage,High — Fills major critical gap in high-tourism district,District Administration Rohtas (NIC Portal),https://rohtas.nic.in/tourist-places/
P1,131,Rohtas,Maa Tara Chandi Temple & Inscription,temple,ASI Centrally Protected Monument and premier pilgrimage destination of Rohtas.,Strong — District Administration Portal & State Directorate of Archaeology,Prominent regional heritage,High — Fills major critical gap in high-tourism district,Archaeological Survey of India (ASI Patna Circle),https://asipatnacircle.bih.nic.in/
P1,132,Rohtas,Tomb of Hasan Khan Suri,historical,ASI Centrally Protected Monument of National Importance.,Strong — District Administration Portal & State Directorate of Archaeology,Prominent regional heritage,High — Fills major critical gap in high-tourism district,Archaeological Survey of India (ASI Patna Circle),https://asipatnacircle.bih.nic.in/
P1,133,Saharsa,"Mandan Bharti Dham, Mahishi",cultural,Celebrated intellectual heritage center in Indian philosophical traditions.,Strong — District Administration Portal & State Directorate of Archaeology,Prominent regional heritage,High — Unlocks completely unrepresented district (0 places currently),District Administration Saharsa (NIC Portal),https://saharsa.nic.in/tourist-places/
P1,134,Saharsa,Matsyagandha Lake & Raktakali Temple,lake,Key urban recreation and cultural tourism center in Saharsa town.,Strong — District Administration Portal & State Directorate of Archaeology,Prominent regional heritage,High — Unlocks completely unrepresented district (0 places currently),District Administration Saharsa (NIC Portal),https://saharsa.nic.in/tourist-places/
P1,135,Saharsa,Sant Karu Khirhari Temple,cultural,Prominent folk heritage tourism destination featured on saharsa.nic.in.,Strong — District Administration Portal & State Directorate of Archaeology,Prominent regional heritage,High — Unlocks completely unrepresented district (0 places currently),"Bihar Tourism (Department of Tourism, Govt of Bihar)",https://tourism.bihar.gov.in/en/destinations
P1,136,Saharsa,"Surya Mandir, Kandaha",historical,Bihar State Protected Monument and unique architectural gem of Mithila.,Strong — District Administration Portal & State Directorate of Archaeology,Prominent regional heritage,High — Unlocks completely unrepresented district (0 places currently),District Administration Saharsa (NIC Portal),https://saharsa.nic.in/tourist-places/
P1,137,Samastipur,Dr. Rajendra Prasad Central Agricultural University,historical,National heritage institution of agricultural science and architectural grandeur.,Strong — District Administration Portal & State Directorate of Archaeology,Prominent regional heritage,High — Unlocks completely unrepresented district (0 places currently),District Administration Samastipur (NIC Portal),https://samastipur.nic.in/tourist-places/
P1,138,Samastipur,Thaneshwar Mahadev Mandir,temple,Primary urban pilgrimage destination on samastipur.nic.in.,Strong — District Administration Portal & State Directorate of Archaeology,Prominent regional heritage,High — Unlocks completely unrepresented district (0 places currently),District Administration Samastipur (NIC Portal),https://samastipur.nic.in/tourist-places/
P1,139,Saran,"Ambika Sthan, Aami",temple,Major Shakti pilgrimage destination officially featured on saran.nic.in.,Strong — District Administration Portal & State Directorate of Archaeology,Prominent regional heritage,High — Unlocks completely unrepresented district (0 places currently),District Administration Saran (NIC Portal),https://saran.nic.in/tourist-places/
P1,140,Saran,"Gautam Asthan, Revelganj",cultural,Official Ramayana Circuit destination in western Bihar.,Strong — District Administration Portal & State Directorate of Archaeology,Prominent regional heritage,High — Unlocks completely unrepresented district (0 places currently),"Bihar Tourism (Department of Tourism, Govt of Bihar)",https://tourism.bihar.gov.in/en/destinations
P1,141,Saran,Manjhi Fort Ruins & Ancient City,historical,ASI Centrally Protected Monument of National Importance.,Strong — District Administration Portal & State Directorate of Archaeology,Prominent regional heritage,High — Unlocks completely unrepresented district (0 places currently),Archaeological Survey of India (ASI Patna Circle),https://asipatnacircle.bih.nic.in/
P1,142,Saran,Silhauri Shiva Temple,temple,Featured place of religious interest on saran.nic.in.,Strong — District Administration Portal & State Directorate of Archaeology,Prominent regional heritage,High — Unlocks completely unrepresented district (0 places currently),District Administration Saran (NIC Portal),https://saran.nic.in/tourist-places/
P1,143,Sheikhpura,Arghauti Pokhar,lake,Documented place of civic and cultural heritage on sheikhpura.nic.in.,Strong — District Administration Portal & State Directorate of Archaeology,Prominent regional heritage,High — Unlocks completely unrepresented district (0 places currently),District Administration Sheikhpura (NIC Portal),https://sheikhpura.nic.in/tourist-places/
P1,144,Sheikhpura,Girihinda Pahar & Shiv Temple,mountain,Most popular scenic and spiritual destination on sheikhpura.nic.in.,Strong — District Administration Portal & State Directorate of Archaeology,Prominent regional heritage,High — Unlocks completely unrepresented district (0 places currently),District Administration Sheikhpura (NIC Portal),https://sheikhpura.nic.in/tourist-places/
P1,145,Sitamarhi,Haleshwar Sthan,temple,Important Ramayana Circuit shrine officially documented on sitamarhi.nic.in.,Strong — District Administration Portal & State Directorate of Archaeology,Prominent regional heritage,Medium — Expands regional diversity,District Administration Sitamarhi (NIC Portal),https://sitamarhi.nic.in/tourist-places/
P1,146,Sitamarhi,Panth Pakar,cultural,Sacred living heritage monument on the Ramayana Circuit.,Strong — District Administration Portal & State Directorate of Archaeology,Prominent regional heritage,Medium — Expands regional diversity,"Bihar Tourism (Department of Tourism, Govt of Bihar)",https://tourism.bihar.gov.in/en/destinations
P1,147,Siwan,"Baba Mahendra Nath Temple, Mehdar",temple,"Foremost religious pilgrimage site in Siwan district, officially featured on siwan.nic.in.",Strong — District Administration Portal & State Directorate of Archaeology,Prominent regional heritage,High — Unlocks completely unrepresented district (0 places currently),District Administration Siwan (NIC Portal),https://siwan.nic.in/tourist-places/
P1,148,Siwan,Sohagara Dham,temple,Prominent border pilgrimage center officially documented on siwan.nic.in.,Strong — District Administration Portal & State Directorate of Archaeology,Prominent regional heritage,High — Unlocks completely unrepresented district (0 places currently),District Administration Siwan (NIC Portal),https://siwan.nic.in/tourist-places/
P1,149,Supaul,"Kapileshwar Mandir, Supaul",temple,Prominent religious destination officially highlighted on supaul.nic.in.,Strong — District Administration Portal & State Directorate of Archaeology,Prominent regional heritage,High — Unlocks completely unrepresented district (0 places currently),District Administration Supaul (NIC Portal),https://supaul.nic.in/tourist-places/
P1,150,Vaishali,Baraila Lake / Salim Ali Jubba Sahni Sanctuary,nature,Important avian eco-tourism and birdwatching reserve in Tirhut.,Strong — District Administration Portal & State Directorate of Archaeology,Prominent regional heritage,High — Fills major critical gap in high-tourism district,"Department of Environment, Forest & Climate Change, Bihar",https://forest.bihar.gov.in/
P1,151,Vaishali,"Kundpur, Vaishali",cultural,Foremost pilgrimage site on the global Jain Circuit.,Strong — District Administration Portal & State Directorate of Archaeology,Prominent regional heritage,High — Fills major critical gap in high-tourism district,"Bihar Tourism (Department of Tourism, Govt of Bihar)",https://tourism.bihar.gov.in/en/destinations
P1,152,Vaishali,"Nepali Temple, Hajipur",temple,"Bihar State Protected Monument, architectural marvel on the Gandak riverbank.",Strong — District Administration Portal & State Directorate of Archaeology,Prominent regional heritage,High — Fills major critical gap in high-tourism district,District Administration Vaishali (NIC Portal),https://vaishali.nic.in/tourist-places/
P1,153,Vaishali,Raja Vishal Ka Garh,historical,"Birthplace of democratic governance, ASI Centrally Protected Monument.",Strong — District Administration Portal & State Directorate of Archaeology,Prominent regional heritage,High — Fills major critical gap in high-tourism district,Archaeological Survey of India (ASI Patna Circle),https://asipatnacircle.bih.nic.in/
P1,154,West Champaran,Chankigarh Fort,historical,ASI Centrally Protected Monument of National Importance.,Strong — District Administration Portal & State Directorate of Archaeology,Prominent regional heritage,High — Fills major critical gap in high-tourism district,Archaeological Survey of India (ASI Patna Circle),https://asipatnacircle.bih.nic.in/
P1,155,West Champaran,Rampurva Ashokan Pillars,historical,ASI Centrally Protected Monument of worldwide sculptural fame.,Strong — District Administration Portal & State Directorate of Archaeology,Prominent regional heritage,High — Fills major critical gap in high-tourism district,Archaeological Survey of India (ASI Patna Circle),https://asipatnacircle.bih.nic.in/
P1,156,West Champaran,Someshwar Fort & Hills,mountain,"Top trekking, mountain viewpoint, and adventure destination in Bihar.",Strong — District Administration Portal & State Directorate of Archaeology,Prominent regional heritage,High — Fills major critical gap in high-tourism district,District Administration West Champaran (NIC Portal),https://westchamparan.nic.in/tourist-places/
P1,157,West Champaran,Triveni Sangam & Valmiki Ashram,cultural,Supreme cultural and scenic pilgrimage destination on the Indo-Nepal border.,Strong — District Administration Portal & State Directorate of Archaeology,Prominent regional heritage,High — Fills major critical gap in high-tourism district,"Bihar Tourism (Department of Tourism, Govt of Bihar)",https://tourism.bihar.gov.in/en/destinations
P1,158,West Champaran,Udaipur Wildlife Sanctuary,nature,Important wetland and wildlife tourism sanctuary.,Strong — District Administration Portal & State Directorate of Archaeology,Prominent regional heritage,High — Fills major critical gap in high-tourism district,"Department of Environment, Forest & Climate Change, Bihar",https://forest.bihar.gov.in/
P2,159,Araria,Madanpur Shiva Mandir,temple,Most visited religious gathering site in eastern Araria.,Good — Credible secondary archives & gazetteer documentation,Valuable local cultural destination,High — Unlocks completely unrepresented district (0 places currently),District Administration Araria (NIC Portal),https://araria.nic.in/tourist-places/
P2,160,Arwal,"Madanpur Sun Temple, Arwal",temple,Prominent religious destination mentioned in district heritage lists.,Good — Credible secondary archives & gazetteer documentation,Valuable local cultural destination,High — Unlocks completely unrepresented district (0 places currently),District Administration Arwal (NIC Portal),https://arwal.nic.in/tourist-places/
P2,161,Bhojpur,Bhaluni Dham,temple,Prominent rural pilgrimage site in southern Bhojpur.,Good — Credible secondary archives & gazetteer documentation,Valuable local cultural destination,Medium — Expands regional diversity,District Administration Bhojpur (NIC Portal),https://bhojpur.nic.in/tourist-places/
P2,162,Darbhanga,Nargona Palace,historical,Unique twentieth-century engineering and royal architectural landmark.,Good — Credible secondary archives & gazetteer documentation,Valuable local cultural destination,High — Fills major critical gap in high-tourism district,District Administration Darbhanga (NIC Portal),https://darbhanga.nic.in/tourist-places/
P2,163,Gopalganj,Husepur Fort Ruins,historical,Prominent regional history and revolt landmark.,Good — Credible secondary archives & gazetteer documentation,Valuable local cultural destination,High — Unlocks completely unrepresented district (0 places currently),District Administration Gopalganj (NIC Portal),https://gopalganj.nic.in/tourist-places/
P2,164,Gopalganj,"Shri Pitambara Peeth, Baglamukhi Mandir",temple,Documented place of worship on official portal.,Good — Credible secondary archives & gazetteer documentation,Valuable local cultural destination,High — Unlocks completely unrepresented district (0 places currently),District Administration Gopalganj (NIC Portal),https://gopalganj.nic.in/tourist-places/
P2,165,Katihar,Manihari Ganga Ghat & Baghar Beel,cultural,Scenic riverfront tourism and religious bathing destination.,Good — Credible secondary archives & gazetteer documentation,Valuable local cultural destination,High — Unlocks completely unrepresented district (0 places currently),District Administration Katihar (NIC Portal),https://katihar.nic.in/tourism/
P2,166,Khagaria,Agnihotri Temple,temple,Unique cultural and Vedic ritual heritage site in eastern Bihar.,Good — Credible secondary archives & gazetteer documentation,Valuable local cultural destination,High — Unlocks completely unrepresented district (0 places currently),District Administration Khagaria (NIC Portal),https://khagaria.nic.in/tourist-places/
P2,167,Lakhisarai,Rajauna Buddhist Archaeological Mound,historical,Protected archaeological site of national historical significance.,Good — Credible secondary archives & gazetteer documentation,Valuable local cultural destination,High — Unlocks completely unrepresented district (0 places currently),District Administration Lakhisarai (NIC Portal),https://lakhisarai.nic.in/tourist-places/
P2,168,Madhepura,Dakini Sthan,temple,Highlighted place of interest on district government portal.,Good — Credible secondary archives & gazetteer documentation,Valuable local cultural destination,High — Unlocks completely unrepresented district (0 places currently),District Administration Madhepura (NIC Portal),https://madhepura.nic.in/tourist-places/
P2,169,Purnia,Dharahara Narasimha Pillar,historical,Prominent cultural and pilgrimage landmark of regional mythology.,Good — Credible secondary archives & gazetteer documentation,Valuable local cultural destination,High — Unlocks completely unrepresented district (0 places currently),District Administration Purnia (NIC Portal),https://purnea.nic.in/tourist-places/
P2,170,Samastipur,Mangalgarh Archaeological Mound,historical,Significant historical site of Central Mithila.,Good — Credible secondary archives & gazetteer documentation,Valuable local cultural destination,High — Unlocks completely unrepresented district (0 places currently),District Administration Samastipur (NIC Portal),https://samastipur.nic.in/tourist-places/
P2,171,Sheohar,Sheohar Raj Palace,historical,Primary historical landmark of Sheohar town.,Good — Credible secondary archives & gazetteer documentation,Valuable local cultural destination,High — Unlocks completely unrepresented district (0 places currently),District Administration Sheohar (NIC Portal),https://sheohar.nic.in/tourist-places/
P2,172,Sitamarhi,Bagahi Dham,cultural,Prominent cultural retreat in eastern Sitamarhi.,Good — Credible secondary archives & gazetteer documentation,Valuable local cultural destination,Medium — Expands regional diversity,District Administration Sitamarhi (NIC Portal),https://sitamarhi.nic.in/tourist-places/
P2,173,Siwan,Amar Shahid Umakant Smarak,historical,Nationalist freedom movement pilgrimage site.,Good — Credible secondary archives & gazetteer documentation,Valuable local cultural destination,High — Unlocks completely unrepresented district (0 places currently),District Administration Siwan (NIC Portal),https://siwan.nic.in/tourist-places/
P2,174,Supaul,Tileshwar Mandir,temple,Documented place of tourist interest on supaul.nic.in.,Good — Credible secondary archives & gazetteer documentation,Valuable local cultural destination,High — Unlocks completely unrepresented district (0 places currently),District Administration Supaul (NIC Portal),https://supaul.nic.in/tourist-places/
P2,175,West Champaran,Bettiah Raj Palace Complex,historical,Significant architectural and cultural landmark of Champaran.,Good — Credible secondary archives & gazetteer documentation,Valuable local cultural destination,High — Fills major critical gap in high-tourism district,District Administration West Champaran (NIC Portal),https://westchamparan.nic.in/tourist-places/
