rank,district,place_name,category,coordinates,verification_level,primary_source,secondary_source,existing_duplicate,tourism_value,discovery_value,data_completeness,overlap_risk,recommended_priority,reason
1,Madhubani,Saurath Sabha Gachhi,cultural,"26.4125, 86.0954",CROSS-VERIFIED MUNICIPAL,District Administration Madhubani (NIC Portal),Gazetteer of Bihar & Regional Cultural Archives,NONE,VERY HIGH,VERY HIGH,HIGH,NONE,P0,"Exceptional crown jewel destination: Rare living anthropological and cultural heritage tradition in India, documented on madhubani.nic.in."
2,Rohtas,Tutla Bhawani Waterfall & Hanging Bridge,waterfall,"24.7815, 84.0125",STATE TOURISM REGISTER,"Bihar Tourism (Department of Tourism, Govt of Bihar)",District Administration Rohtas,NONE,VERY HIGH,VERY HIGH,HIGH,NONE,P0,"Exceptional crown jewel destination: Flagship eco-tourism and adventure landscape in Bihar, developed by Environment & Forest Department."
3,Bhagalpur,Bateshwar Sthan & Patharghata Caves,historical,"25.3341, 87.2712",GOVERNMENT / STATUTORY,Archaeological Survey of India (ASI Patna Circle),Bihar Tourism Board,NONE,VERY HIGH,VERY HIGH,HIGH,NONE,P0,"Exceptional crown jewel destination: ASI Centrally Protected Monument, featured in Kalidasa's Kumarasambhava."
4,Araria,"Bio-Diversity Park, Kusiargaon",nature,"26.1158, 87.4589",CROSS-VERIFIED MUNICIPAL,District Administration Araria (NIC Portal),Bihar Tourism Board,NONE,VERY HIGH,VERY HIGH,HIGH,NONE,P0,Exceptional crown jewel destination: State's pioneer biodiversity education and nature tourism centre situated on the East-West Highway Corridor.
5,Rohtas,Dhuan Kund & Manjhar Kund Waterfalls,waterfall,"24.8912, 84.0124",CROSS-VERIFIED MUNICIPAL,District Administration Rohtas (NIC Portal),Bihar Tourism Board,NONE,VERY HIGH,VERY HIGH,HIGH,NONE,P0,Exceptional crown jewel destination: Highly popular nature tourism destination featured on rohtas.nic.in.
6,West Champaran,Someshwar Fort & Hills,mountain,"27.4685, 84.3125",CROSS-VERIFIED MUNICIPAL,District Administration West Champaran (NIC Portal),Gazetteer of Bihar & Regional Cultural Archives,NONE,VERY HIGH,VERY HIGH,HIGH,NONE,P0,"Exceptional crown jewel destination: Top trekking, mountain viewpoint, and adventure destination in Bihar."
7,Nalanda,Ghora Katora Lake Eco-Reserve,nature,"24.9921, 85.4812",STATE TOURISM REGISTER,"Bihar Tourism (Department of Tourism, Govt of Bihar)",District Administration Nalanda,NONE,VERY HIGH,HIGH,HIGH,NONE,P0,Exceptional crown jewel destination: Bihar's premier eco-tourism nature park with paddle boating and cycling trails.
8,Darbhanga,Kusheshwar Asthan Bird Sanctuary & Temple,nature,"25.8125, 86.1158",GOVERNMENT / STATUTORY,District Administration Darbhanga (NIC Portal),Bihar Tourism Board,NONE,VERY HIGH,HIGH,HIGH,NONE,P0,Exceptional crown jewel destination: Major eco-tourism and birdwatching haven declared a wildlife sanctuary by Bihar Government in 1994.
9,East Champaran,Areraj Someshwar Nath Temple & Ashokan Pillar,historical,"26.5412, 84.7485",GOVERNMENT / STATUTORY,Archaeological Survey of India (ASI Patna Circle),Bihar Tourism Board,NONE,VERY HIGH,VERY HIGH,HIGH,NONE,P0,Exceptional crown jewel destination: ASI Centrally Protected Monument and prominent Shravani pilgrimage centre.
10,Saran,Chirand Archaeological Site,historical,"25.7125, 84.8125",GOVERNMENT / STATUTORY,Archaeological Survey of India (ASI Patna Circle),District Administration Saran,NONE,VERY HIGH,VERY HIGH,HIGH,NONE,P0,"Exceptional crown jewel destination: One of the most important prehistoric and ancient archaeological monuments in the Indian subcontinent, State Protected."
11,West Champaran,Rampurva Ashokan Pillars,historical,"27.2685, 84.5012",GOVERNMENT / STATUTORY,Archaeological Survey of India (ASI Patna Circle),Gazetteer of Bihar & Regional Cultural Archives,NONE,VERY HIGH,VERY HIGH,HIGH,NONE,P0,Exceptional crown jewel destination: ASI Centrally Protected Monument of worldwide sculptural fame.
12,Araria,Phanishwar Nath Renu Smarak & Birthplace,cultural,"26.2486, 87.2842",CROSS-VERIFIED MUNICIPAL,District Administration Araria (NIC Portal),Incredible India (Ministry of Tourism),NONE,VERY HIGH,VERY HIGH,HIGH,NONE,P0,Exceptional crown jewel destination: Significant literary pilgrimage and cultural heritage site for Indian literature and Hindi culture.
13,Aurangabad,Umga Sun Temple & Rock Complex,historical,"24.6312, 84.5518",STATE TOURISM REGISTER,"Bihar Tourism (Department of Tourism, Govt of Bihar)",Archaeological Survey of India,NONE,VERY HIGH,VERY HIGH,HIGH,NONE,P0,Exceptional crown jewel destination: Major archaeological gem of Magadh region with historic inscriptions of King Bhairavendra.
14,Madhubani,Rajnagar Palace Complex,historical,"26.3912, 86.1485",STATE TOURISM REGISTER,"Bihar Tourism (Department of Tourism, Govt of Bihar)","Directorate of Archaeology & Museums, Bihar",NONE,VERY HIGH,VERY HIGH,HIGH,NONE,P0,"Exceptional crown jewel destination: Foremost architectural heritage wonder of Mithila, featured on Bihar Tourism heritage circuit."
15,Rohtas,Shergarh Fort,historical,"24.8415, 83.7812",CROSS-VERIFIED MUNICIPAL,District Administration Rohtas (NIC Portal),Incredible India (Ministry of Tourism),NONE,VERY HIGH,VERY HIGH,HIGH,NONE,P0,Exceptional crown jewel destination: Bihar State Protected Monument and adventure heritage destination.
16,Bhagalpur,Kahalgaon Rock-Cut Temples,historical,"25.2689, 87.2345",GOVERNMENT / STATUTORY,Archaeological Survey of India (ASI Patna Circle),District Administration Bhagalpur,NONE,VERY HIGH,VERY HIGH,HIGH,NONE,P0,Exceptional crown jewel destination: ASI Centrally Protected Monument of National Importance.
17,Aurangabad,Daud Khan Fort,historical,"25.0315, 84.4024",STATE TOURISM REGISTER,"Bihar Tourism (Department of Tourism, Govt of Bihar)",District Administration Aurangabad,NONE,VERY HIGH,VERY HIGH,HIGH,NONE,P0,"Exceptional crown jewel destination: Bihar State Protected Monument, major historical fort along Son river trade route."
18,Vaishali,"Ashokan Pillar & Ananda Stupa, Kolhua",historical,"26.0125, 85.1124",GOVERNMENT / STATUTORY,Archaeological Survey of India (ASI Patna Circle),Bihar Tourism Board,NONE,VERY HIGH,HIGH,HIGH,NONE,P0,Exceptional crown jewel destination: ASI Centrally Protected Monument of National Importance.
19,Vaishali,"Buddha Relic Stupa, Vaishali",historical,"25.9912, 85.1215",GOVERNMENT / STATUTORY,Archaeological Survey of India (ASI Patna Circle),Gazetteer of Bihar & Regional Cultural Archives,NONE,VERY HIGH,HIGH,HIGH,NONE,P0,"Exceptional crown jewel destination: One of the most sacred Buddhist archaeological sites in existence, ASI Centrally Protected Monument."
20,West Champaran,Lauriya Nandangarh,historical,"26.9954, 84.4124",GOVERNMENT / STATUTORY,Archaeological Survey of India (ASI Patna Circle),Bihar Tourism Board,NONE,VERY HIGH,HIGH,HIGH,NONE,P0,Exceptional crown jewel destination: ASI Centrally Protected Monument of supreme national archaeological importance.
21,Bhagalpur,Champanagar Ancient Capital & Jain Tirth,cultural,"25.2312, 86.9245",STATE TOURISM REGISTER,"Bihar Tourism (Department of Tourism, Govt of Bihar)",District Administration Bhagalpur,NONE,VERY HIGH,HIGH,HIGH,NONE,P0,Exceptional crown jewel destination: Major pilgrimage destination on the Jain Circuit and ancient urban archaeological mound.
22,Nalanda,Vishwa Shanti Stupa & Ratnagiri Ropeway,cultural,"25.0085, 85.4385",STATE TOURISM REGISTER,"Bihar Tourism (Department of Tourism, Govt of Bihar)",District Administration Nalanda,NONE,VERY HIGH,HIGH,HIGH,NONE,P0,"Exceptional crown jewel destination: Prime landmark of Rajgir, iconic symbol of global peace visited by international dignitaries."
23,Nalanda,"Jal Mandir, Pawapuri",temple,"25.0925, 85.5385",STATE TOURISM REGISTER,"Bihar Tourism (Department of Tourism, Govt of Bihar)",Gazetteer of Bihar & Regional Cultural Archives,NONE,VERY HIGH,HIGH,HIGH,NONE,P0,Exceptional crown jewel destination: Foremost sacred pilgrimage center on the global Jain Circuit.
24,Begusarai,Simaria Ghat & Dinkar Memorial,cultural,"25.4382, 85.9921",STATE TOURISM REGISTER,"Bihar Tourism (Department of Tourism, Govt of Bihar)",Gazetteer of Bihar & Regional Cultural Archives,NONE,HIGH,MEDIUM,HIGH,NONE,P0,Exceptional crown jewel destination: Major cultural and spiritual ghat on Ganga with recently renovated riverfront promenade and Dinkar memorial library.
25,Banka,Chandan Dam,lake,"24.7812, 86.8125",CROSS-VERIFIED MUNICIPAL,District Administration Banka (NIC Portal),Gazetteer of Bihar & Regional Cultural Archives,NONE,HIGH,MEDIUM,HIGH,NONE,P0,Exceptional crown jewel destination: Scenic eco-tourism and picnic destination highlighted in district portal.
26,Sitamarhi,Punaura Dham,temple,"26.6125, 85.4512",STATE TOURISM REGISTER,"Bihar Tourism (Department of Tourism, Govt of Bihar)",District Administration Sitamarhi,NONE,VERY HIGH,HIGH,HIGH,NONE,P0,"Exceptional crown jewel destination: National flagship pilgrimage center under Government of India's PRASAD scheme, major stop on Ramayana Circuit."
27,Aurangabad,Deokund,temple,"24.9512, 84.5829",STATE TOURISM REGISTER,"Bihar Tourism (Department of Tourism, Govt of Bihar)",Gazetteer of Bihar & Regional Cultural Archives,NONE,HIGH,MEDIUM,HIGH,NONE,P0,Exceptional crown jewel destination: Featured religious heritage site promoted by Bihar Tourism Ramayana / Spiritual circuit.
28,Kaimur,Kaimur Wildlife Sanctuary & Adhaura Hills,nature,"24.8125, 83.6125",GOVERNMENT / STATUTORY,"Department of Environment, Forest & Climate Change, Bihar",Bihar Tourism Board,NONE,MEDIUM,MODEST,HIGH,NONE,P0,Exceptional crown jewel destination: Proposed second Tiger Reserve of Bihar and flagship eco-tourism region.
29,West Champaran,Udaipur Wildlife Sanctuary,nature,"26.8512, 84.4812",GOVERNMENT / STATUTORY,"Department of Environment, Forest & Climate Change, Bihar",Bihar Tourism Board,NONE,MEDIUM,MODEST,HIGH,NONE,P0,Exceptional crown jewel destination: Important wetland and wildlife tourism sanctuary.
30,Rohtas,Gupta Dham (Gupteshwar Mahadev Cave),nature,"24.7512, 83.7912",CROSS-VERIFIED MUNICIPAL,District Administration Rohtas (NIC Portal),Gazetteer of Bihar & Regional Cultural Archives,NONE,MEDIUM,MODEST,HIGH,NONE,P0,Exceptional crown jewel destination: Historic pilgrimage and spelunking destination officially documented on rohtas.nic.in.
31,West Champaran,Bhitiharwa Gandhi Ashram,historical,"27.2154, 84.4512",FIELD DOCUMENTED,"Ministry of Culture, Government of India",Bihar Tourism Board,NONE,VERY HIGH,HIGH,HIGH,NONE,P0,Exceptional crown jewel destination: National freedom heritage monument and prime anchor of the official Gandhi Circuit in India.
32,Begusarai,Jaimangla Garh,historical,"25.5912, 86.1425",CROSS-VERIFIED MUNICIPAL,District Administration Begusarai (NIC Portal),Incredible India (Ministry of Tourism),NONE,HIGH,MEDIUM,HIGH,NONE,P1,High-value regional destination: Bihar State Protected Monument and vital cultural-heritage complement to Kanwar Lake.
33,Lakhisarai,Shringirishi Dham,nature,"25.0912, 86.2154",STATE TOURISM REGISTER,"Bihar Tourism (Department of Tourism, Govt of Bihar)",Bihar Forest Department,NONE,MODEST,MODEST,HIGH,NONE,P1,High-value regional destination: Major eco-tourism and pilgrimage spot featured on lakhisarai.nic.in.
34,Nalanda,Brahma Kund & Hot Springs,nature,"25.0215, 85.4112",STATE TOURISM REGISTER,"Bihar Tourism (Department of Tourism, Govt of Bihar)",Gazetteer of Bihar & Regional Cultural Archives,NONE,MODEST,MODEST,HIGH,NONE,P1,High-value regional destination: Famous wellness and pilgrimage destination since antiquity.
35,Buxar,Ramrekha Ghat,cultural,"25.5785, 83.9812",STATE TOURISM REGISTER,"Bihar Tourism (Department of Tourism, Govt of Bihar)",Gazetteer of Bihar & Regional Cultural Archives,NONE,MODEST,MODEST,HIGH,NONE,P1,"High-value regional destination: Chief cultural, religious, and evening Aarti gathering point in Buxar; Ramayana Circuit stop."
36,Munger,Kashtaharani Ghat,cultural,"25.3824, 86.4712",STATE TOURISM REGISTER,"Bihar Tourism (Department of Tourism, Govt of Bihar)",Gazetteer of Bihar & Regional Cultural Archives,NONE,MODEST,MODEST,HIGH,NONE,P1,High-value regional destination: Famous spiritual and evening gathering promenade with panoramic river views.
37,Vaishali,"Kundpur, Vaishali",cultural,"26.0154, 85.1485",STATE TOURISM REGISTER,"Bihar Tourism (Department of Tourism, Govt of Bihar)",District Administration Vaishali,NONE,MODEST,MODEST,HIGH,NONE,P1,High-value regional destination: Foremost pilgrimage site on the global Jain Circuit.
38,Khagaria,Kosi-Bagmati-Gandak Riverfront,nature,"25.5124, 86.4812",CROSS-VERIFIED MUNICIPAL,District Administration Khagaria,Gazetteer of Bihar & Regional Cultural Archives,NONE,MODEST,MODEST,HIGH,NONE,P1,High-value regional destination: Scenic river geography landmark.
39,Kishanganj,Mahananda Riverfront Promenade,nature,"26.0854, 87.9215",CROSS-VERIFIED MUNICIPAL,District Administration Kishanganj (NIC Portal),Gazetteer of Bihar & Regional Cultural Archives,NONE,MODEST,MODEST,HIGH,NONE,P1,High-value regional destination: Highlighted local visitor spot on kishanganj.nic.in.
40,Munger,Kharagpur Lake & Haveli Kharagpur,lake,"25.1215, 86.5124",CROSS-VERIFIED MUNICIPAL,District Administration Munger (NIC Portal),Gazetteer of Bihar & Regional Cultural Archives,NONE,MODEST,MODEST,HIGH,NONE,P1,High-value regional destination: Top picnic and eco-tourism spot in Munger district.
41,Munger,Rishi Kund,nature,"25.2312, 86.5412",CROSS-VERIFIED MUNICIPAL,District Administration Munger (NIC Portal),Bihar Forest Department,NONE,MODEST,MODEST,HIGH,NONE,P1,High-value regional destination: Scenic eco-tourism and pilgrimage site featured on munger.nic.in.
42,Purnia,Kajha Kothi Eco Park,nature,"25.7512, 87.3812",CROSS-VERIFIED MUNICIPAL,District Administration Purnia (NIC Portal),Gazetteer of Bihar & Regional Cultural Archives,NONE,MODEST,MODEST,HIGH,NONE,P1,High-value regional destination: Leading eco-tourism and recreation attraction in Purnia district.
43,Saharsa,Matsyagandha Lake & Raktakali Temple,lake,"25.8785, 86.5912",CROSS-VERIFIED MUNICIPAL,District Administration Saharsa (NIC Portal),Gazetteer of Bihar & Regional Cultural Archives,NONE,MODEST,MODEST,HIGH,NONE,P1,High-value regional destination: Key urban recreation and cultural tourism center in Saharsa town.
44,Sheikhpura,Girihinda Pahar & Shiv Temple,mountain,"25.1385, 85.8512",CROSS-VERIFIED MUNICIPAL,District Administration Sheikhpura (NIC Portal),Bihar Tourism Board,NONE,MODEST,MODEST,HIGH,NONE,P1,High-value regional destination: Most popular scenic and spiritual destination on sheikhpura.nic.in.
45,Sheikhpura,Arghauti Pokhar,lake,"25.1412, 85.8612",CROSS-VERIFIED MUNICIPAL,District Administration Sheikhpura (NIC Portal),Gazetteer of Bihar & Regional Cultural Archives,NONE,MODEST,MODEST,HIGH,NONE,P1,High-value regional destination: Documented place of civic and cultural heritage on sheikhpura.nic.in.
46,Banka,Jethor Nath Mandir,temple,"25.0418, 86.9124",CROSS-VERIFIED MUNICIPAL,District Administration Banka (NIC Portal),Gazetteer of Bihar & Regional Cultural Archives,NONE,HIGH,MEDIUM,HIGH,NONE,P1,High-value regional destination: Featured place of interest on official district portal.
47,Bhagalpur,Kuppa Ghat & Maharshi Mehi Ashram,cultural,"25.2512, 87.0124",CROSS-VERIFIED MUNICIPAL,District Administration Bhagalpur (NIC Portal),Bihar Tourism Board,NONE,MODEST,MODEST,HIGH,NONE,P1,High-value regional destination: Prominent spiritual tourism retreat visited by thousands of seekers.
48,East Champaran,Sagar Dih Mound & Stupa,historical,"26.8541, 84.8124",GOVERNMENT / STATUTORY,Archaeological Survey of India (ASI Patna Circle),Gazetteer of Bihar & Regional Cultural Archives,NONE,MEDIUM,MODEST,HIGH,NONE,P1,High-value regional destination: ASI Centrally Protected Monument of National Importance.
49,Katihar,Manihari Ganga Ghat & Baghar Beel,cultural,"25.3385, 87.6125",CROSS-VERIFIED MUNICIPAL,District Administration Katihar (NIC Portal),Gazetteer of Bihar & Regional Cultural Archives,NONE,MODEST,MODEST,HIGH,NONE,P1,High-value regional destination: Scenic riverfront tourism and religious bathing destination.
50,Nalanda,Saptaparni Cave,historical,"25.0185, 85.4054",GOVERNMENT / STATUTORY,Archaeological Survey of India (ASI Patna Circle),District Administration Nalanda,NONE,MEDIUM,MODEST,HIGH,NONE,P1,High-value regional destination: Foundational historic site for Buddhist literature and canonical Vinaya/Sutta Pitaka.
51,Patna,NIT Ghat & Ganga Aarti,cultural,"25.6215, 85.1712",CROSS-VERIFIED MUNICIPAL,District Administration Patna,Gazetteer of Bihar & Regional Cultural Archives,NONE,MODEST,MODEST,HIGH,NONE,P1,High-value regional destination: Signature evening cultural tourism attraction in Patna city.
52,Saran,Manjhi Fort Ruins & Ancient City,historical,"25.8215, 84.5812",GOVERNMENT / STATUTORY,Archaeological Survey of India (ASI Patna Circle),District Administration Saran,NONE,MEDIUM,MODEST,HIGH,NONE,P1,High-value regional destination: ASI Centrally Protected Monument of National Importance.
53,West Champaran,Chankigarh Fort,historical,"27.1125, 84.4512",GOVERNMENT / STATUTORY,Archaeological Survey of India (ASI Patna Circle),"Directorate of Archaeology & Museums, Bihar",NONE,MEDIUM,MODEST,HIGH,NONE,P1,High-value regional destination: ASI Centrally Protected Monument of National Importance.
54,Jamui,Nagi Dam Bird Sanctuary,nature,"24.8215, 86.4685",GOVERNMENT / STATUTORY,Ramsar Wetlands Secretariat (UNESCO/IUCN),Bihar Tourism Board,NONE,MEDIUM,MODEST,HIGH,NONE,P1,High-value regional destination: National-level conservation and eco-tourism landmark.
55,Vaishali,Baraila Lake / Salim Ali Jubba Sahni Sanctuary,nature,"25.7512, 85.4512",GOVERNMENT / STATUTORY,"Department of Environment, Forest & Climate Change, Bihar",Bihar Tourism Board,NONE,MEDIUM,MODEST,HIGH,NONE,P1,High-value regional destination: Important avian eco-tourism and birdwatching reserve in Tirhut.
56,Arwal,Aganoor Mini Hydroelectric Project,tourist_spot,"25.1328, 84.5824",CROSS-VERIFIED MUNICIPAL,District Administration Arwal (NIC Portal),Gazetteer of Bihar & Regional Cultural Archives,NONE,HIGH,MEDIUM,HIGH,NONE,P1,High-value regional destination: Official tourist attraction recognized on district government portal for technical and scenic interest.
57,Gopalganj,Lakri Dargah,cultural,"26.3125, 84.4512",CROSS-VERIFIED MUNICIPAL,District Administration Gopalganj (NIC Portal),Bihar Tourism Board,NONE,MEDIUM,MODEST,HIGH,NONE,P1,High-value regional destination: Significant Sufi pilgrimage site officially documented on gopalganj.nic.in.
58,Kishanganj,Khagra Mela Ground & Nawab Palace,cultural,"26.1045, 87.9412",CROSS-VERIFIED MUNICIPAL,District Administration Kishanganj (NIC Portal),Gazetteer of Bihar & Regional Cultural Archives,NONE,MEDIUM,MODEST,HIGH,NONE,P1,"High-value regional destination: Primary cultural identity landmark of Kishanganj, documented on kishanganj.nic.in."
59,Gopalganj,Husepur Fort Ruins,historical,"26.5412, 84.2815",CROSS-VERIFIED MUNICIPAL,District Administration Gopalganj (NIC Portal),Gazetteer of Bihar & Regional Cultural Archives,NONE,MEDIUM,MODEST,HIGH,NONE,P1,High-value regional destination: Prominent regional history and revolt landmark.
60,Nawada,"Indrasal Cave, Parvati Hill",historical,"24.9812, 85.5124",CROSS-VERIFIED MUNICIPAL,District Administration Nawada (NIC Portal),Archaeological Survey of India,NONE,MEDIUM,MODEST,HIGH,NONE,P1,High-value regional destination: Archaeological Buddhist site of national historical significance.
61,Sheohar,Sheohar Raj Palace,historical,"26.5125, 85.2912",CROSS-VERIFIED MUNICIPAL,District Administration Sheohar (NIC Portal),Gazetteer of Bihar & Regional Cultural Archives,NONE,MEDIUM,MODEST,HIGH,NONE,P1,High-value regional destination: Primary historical landmark of Sheohar town.
62,West Champaran,Bettiah Raj Palace Complex,historical,"26.8012, 84.5124",CROSS-VERIFIED MUNICIPAL,District Administration West Champaran (NIC Portal),"Directorate of Archaeology & Museums, Bihar",NONE,MEDIUM,MODEST,HIGH,NONE,P1,High-value regional destination: Significant architectural and cultural landmark of Champaran.
63,Begusarai,"Naulakha Temple, Begusarai",temple,"25.4182, 86.1315",CROSS-VERIFIED MUNICIPAL,District Administration Begusarai (NIC Portal),Gazetteer of Bihar & Regional Cultural Archives,NONE,HIGH,MEDIUM,HIGH,NONE,P1,High-value regional destination: Prime religious destination within Begusarai city.
64,Bhojpur,Bhaluni Dham,temple,"25.2154, 84.3821",CROSS-VERIFIED MUNICIPAL,District Administration Bhojpur (NIC Portal),Gazetteer of Bihar & Regional Cultural Archives,NONE,HIGH,MEDIUM,HIGH,NONE,P1,High-value regional destination: Prominent rural pilgrimage site in southern Bhojpur.
65,Buxar,"Brahmeshwar Nath Temple, Brahmpur",temple,"25.5921, 84.2815",CROSS-VERIFIED MUNICIPAL,District Administration Buxar (NIC Portal),Bihar Tourism Board,NONE,HIGH,MEDIUM,HIGH,NONE,P1,High-value regional destination: State-level religious pilgrimage destination officially documented on buxar.nic.in.
66,Sitamarhi,Haleshwar Sthan,temple,"26.6215, 85.4712",CROSS-VERIFIED MUNICIPAL,District Administration Sitamarhi (NIC Portal),Gazetteer of Bihar & Regional Cultural Archives,NONE,HIGH,MEDIUM,HIGH,NONE,P1,High-value regional destination: Important Ramayana Circuit shrine officially documented on sitamarhi.nic.in.
67,Arwal,"Madanpur Sun Temple, Arwal",temple,"25.1612, 84.6154",CROSS-VERIFIED MUNICIPAL,District Administration Arwal (NIC Portal),Gazetteer of Bihar & Regional Cultural Archives,NONE,MEDIUM,MODEST,HIGH,NONE,P1,High-value regional destination: Prominent religious destination mentioned in district heritage lists.
68,Bhojpur,"Sun Temple, Tarari",temple,"25.3125, 84.4215",CROSS-VERIFIED MUNICIPAL,District Administration Bhojpur (NIC Portal),Gazetteer of Bihar & Regional Cultural Archives,NONE,MEDIUM,MODEST,HIGH,NONE,P1,High-value regional destination: Official place of interest on district administration portal.
69,Aurangabad,Tomb of Shamsher Khan,historical,"25.0418, 84.3821",GOVERNMENT / STATUTORY,Archaeological Survey of India (ASI Patna Circle),District Administration Aurangabad,NONE,MODEST,MODEST,HIGH,NONE,P1,High-value regional destination: ASI Centrally Protected Monument of National Importance in Bihar.
70,Gaya,Kauwadol Hill & Colossal Buddha Statue,historical,"24.9745, 85.0412",GOVERNMENT / STATUTORY,Archaeological Survey of India (ASI Patna Circle),District Administration Gaya,NONE,MODEST,MODEST,HIGH,NONE,P1,High-value regional destination: ASI Centrally Protected Monument of National Importance.
71,Gaya,Koncheswar Mahadev Temple,historical,"24.9312, 84.7812",GOVERNMENT / STATUTORY,Archaeological Survey of India (ASI Patna Circle),"Directorate of Archaeology & Museums, Bihar",NONE,MODEST,MODEST,HIGH,NONE,P1,High-value regional destination: ASI Centrally Protected Monument of National Importance.
72,Gaya,Kurkihar Archaeological Site,historical,"24.8152, 85.2512",GOVERNMENT / STATUTORY,Archaeological Survey of India (ASI Patna Circle),Gazetteer of Bihar & Regional Cultural Archives,NONE,MODEST,MODEST,HIGH,NONE,P1,High-value regional destination: ASI Centrally Protected Monument.
73,Kaimur,"Baidyanath Temple, Kaimur",historical,"25.2815, 83.7125",GOVERNMENT / STATUTORY,Archaeological Survey of India (ASI Patna Circle),"Directorate of Archaeology & Museums, Bihar",NONE,MODEST,MODEST,HIGH,NONE,P1,High-value regional destination: ASI Centrally Protected Monument and district tourist site.
74,Kaimur,Tomb of Bakhtiyar Khan,historical,"25.0354, 83.5412",GOVERNMENT / STATUTORY,Archaeological Survey of India (ASI Patna Circle),District Administration Kaimur,NONE,MODEST,MODEST,HIGH,NONE,P1,High-value regional destination: ASI Centrally Protected Monument of National Importance.
75,Kishanganj,"Kanhaiya Ji Mandir, Bandarjhula",historical,"26.3812, 87.9125",GOVERNMENT / STATUTORY,Archaeological Survey of India (ASI Patna Circle),District Administration Kishanganj,NONE,MODEST,MODEST,HIGH,NONE,P1,High-value regional destination: ASI Centrally Protected Monument of National Importance in Bihar.
76,Madhubani,Raja Bali Ka Garh,historical,"26.4815, 86.2912",GOVERNMENT / STATUTORY,Archaeological Survey of India (ASI Patna Circle),District Administration Madhubani,NONE,MODEST,MODEST,HIGH,NONE,P1,High-value regional destination: ASI Centrally Protected Monument of National Importance in Bihar.
77,Nalanda,Griddhakuta (Vulture's Peak),historical,"25.0112, 85.4412",GOVERNMENT / STATUTORY,Archaeological Survey of India (ASI Patna Circle),District Administration Nalanda,NONE,MODEST,MODEST,HIGH,NONE,P1,High-value regional destination: Most revered Buddhist pilgrimage hill in the world.
78,Nalanda,Cyclopean Wall of Rajgir,historical,"25.0125, 85.4185",GOVERNMENT / STATUTORY,Archaeological Survey of India (ASI Patna Circle),Gazetteer of Bihar & Regional Cultural Archives,NONE,MODEST,MODEST,HIGH,NONE,P1,"High-value regional destination: One of the oldest stone structural fortifications in the world, ASI Centrally Protected Monument."
79,Rohtas,Tomb of Hasan Khan Suri,historical,"24.9512, 84.0385",GOVERNMENT / STATUTORY,Archaeological Survey of India (ASI Patna Circle),District Administration Rohtas,NONE,MODEST,MODEST,HIGH,NONE,P1,High-value regional destination: ASI Centrally Protected Monument of National Importance.
80,Rohtas,"Ashokan Inscription, Chandan Shahid Hill",historical,"24.9542, 84.0415",GOVERNMENT / STATUTORY,Archaeological Survey of India (ASI Patna Circle),Gazetteer of Bihar & Regional Cultural Archives,NONE,MODEST,MODEST,HIGH,NONE,P1,High-value regional destination: ASI Centrally Protected Monument of National Importance.
81,Vaishali,Raja Vishal Ka Garh,historical,"25.9812, 85.1315",GOVERNMENT / STATUTORY,Archaeological Survey of India (ASI Patna Circle),District Administration Vaishali,NONE,MODEST,MODEST,HIGH,NONE,P1,"High-value regional destination: Birthplace of democratic governance, ASI Centrally Protected Monument."
82,Aurangabad,Amjhar Sharif,cultural,"24.9854, 84.5218",STATE TOURISM REGISTER,"Bihar Tourism (Department of Tourism, Govt of Bihar)",District Administration Aurangabad,NONE,MODEST,MODEST,HIGH,NONE,P1,High-value regional destination: Key stop on Bihar Tourism official Sufi Circuit.
83,East Champaran,"Gandhi Memorial & Sangrahalaya, Motihari",cultural,"26.6485, 84.9125",STATE TOURISM REGISTER,"Bihar Tourism (Department of Tourism, Govt of Bihar)",Gazetteer of Bihar & Regional Cultural Archives,NONE,MODEST,MODEST,HIGH,NONE,P1,"High-value regional destination: Historic birthground of India's civil disobedience movement, official Gandhi Circuit anchor."
84,Katihar,Guru Tegh Bahadur Historic Gurdwara,cultural,"25.4125, 87.4812",STATE TOURISM REGISTER,"Bihar Tourism (Department of Tourism, Govt of Bihar)",Gazetteer of Bihar & Regional Cultural Archives,NONE,MODEST,MODEST,HIGH,NONE,P1,High-value regional destination: Important pilgrimage shrine on the official Bihar Sikh Circuit.
85,Madhubani,Ranti Art Village,cultural,"26.3685, 86.0824",STATE TOURISM REGISTER,"Bihar Tourism (Department of Tourism, Govt of Bihar)",Gazetteer of Bihar & Regional Cultural Archives,NONE,MODEST,MODEST,HIGH,NONE,P1,High-value regional destination: Globally recognized women-led traditional craft cluster.
86,Munger,Bihar School of Yoga / Ganga Darshan,cultural,"25.3812, 86.4685",STATE TOURISM REGISTER,"Bihar Tourism (Department of Tourism, Govt of Bihar)",Gazetteer of Bihar & Regional Cultural Archives,NONE,MODEST,MODEST,HIGH,NONE,P1,High-value regional destination: Global spiritual and wellness tourism landmark on the banks of Ganga.
87,Saharsa,Sant Karu Khirhari Temple,cultural,"25.9125, 86.3812",STATE TOURISM REGISTER,"Bihar Tourism (Department of Tourism, Govt of Bihar)",Gazetteer of Bihar & Regional Cultural Archives,NONE,MODEST,MODEST,HIGH,NONE,P1,High-value regional destination: Prominent folk heritage tourism destination featured on saharsa.nic.in.
88,Saran,"Gautam Asthan, Revelganj",cultural,"25.7812, 84.6712",STATE TOURISM REGISTER,"Bihar Tourism (Department of Tourism, Govt of Bihar)",Gazetteer of Bihar & Regional Cultural Archives,NONE,MODEST,MODEST,HIGH,NONE,P1,High-value regional destination: Official Ramayana Circuit destination in western Bihar.
89,Sitamarhi,Panth Pakar,cultural,"26.6512, 85.5412",STATE TOURISM REGISTER,"Bihar Tourism (Department of Tourism, Govt of Bihar)",Gazetteer of Bihar & Regional Cultural Archives,NONE,MODEST,MODEST,HIGH,NONE,P1,High-value regional destination: Sacred living heritage monument on the Ramayana Circuit.
90,West Champaran,Triveni Sangam & Valmiki Ashram,cultural,"27.4215, 83.9124",STATE TOURISM REGISTER,"Bihar Tourism (Department of Tourism, Govt of Bihar)",Incredible India (Ministry of Tourism),NONE,MODEST,MODEST,HIGH,NONE,P1,High-value regional destination: Supreme cultural and scenic pilgrimage destination on the Indo-Nepal border.
91,Banka,Papaharini Tank,lake,"24.9458, 86.7265",CROSS-VERIFIED MUNICIPAL,District Administration Banka (NIC Portal),Bihar Tourism Board,NONE,MODEST,MODEST,HIGH,MEDIUM,P1,High-value regional destination: Integral component of the Mandar Hill tourism complex officially highlighted on banka.nic.in.
92,Gaya,Sujata Stupa & Kuti,historical,"24.6925, 85.0028",GOVERNMENT / STATUTORY,Archaeological Survey of India (ASI Patna Circle),Gazetteer of Bihar & Regional Cultural Archives,NONE,MEDIUM,MODEST,HIGH,MEDIUM,P1,High-value regional destination: ASI Centrally Protected Monument on the international Buddhist circuit.
93,Madhepura,Baba Vishu Raut Temple,cultural,"25.8415, 86.9812",CROSS-VERIFIED MUNICIPAL,District Administration Madhepura (NIC Portal),Gazetteer of Bihar & Regional Cultural Archives,NONE,MODEST,MODEST,HIGH,NONE,P1,"High-value regional destination: Unique living folk cultural heritage and pastoral festival in Bihar, officially recognized on madhepura.nic.in."
94,Nawada,"Sarvodaya Ashram, Shekhodeora",cultural,"24.8125, 85.8412",CROSS-VERIFIED MUNICIPAL,District Administration Nawada (NIC Portal),Gazetteer of Bihar & Regional Cultural Archives,NONE,MODEST,MODEST,HIGH,NONE,P1,High-value regional destination: Major national political and socio-cultural pilgrimage site documented on nawada.nic.in.
95,Saharsa,"Mandan Bharti Dham, Mahishi",cultural,"25.8854, 86.4452",CROSS-VERIFIED MUNICIPAL,District Administration Saharsa (NIC Portal),Gazetteer of Bihar & Regional Cultural Archives,NONE,MODEST,MODEST,HIGH,NONE,P1,High-value regional destination: Celebrated intellectual heritage center in Indian philosophical traditions.
96,Sitamarhi,Bagahi Dham,cultural,"26.6412, 85.7125",CROSS-VERIFIED MUNICIPAL,District Administration Sitamarhi (NIC Portal),Gazetteer of Bihar & Regional Cultural Archives,NONE,MODEST,MODEST,HIGH,NONE,P1,High-value regional destination: Prominent cultural retreat in eastern Sitamarhi.
97,East Champaran,George Orwell Birthplace & Memorial,historical,"26.6452, 84.9085",CROSS-VERIFIED MUNICIPAL,District Administration East Champaran (NIC Portal),Gazetteer of Bihar & Regional Cultural Archives,NONE,MODEST,MODEST,HIGH,NONE,P1,High-value regional destination: Internationally recognized literary tourism destination drawing global travelers and literature enthusiasts.
98,Gopalganj,Dighwa Dubauli Archaeological Mounds,historical,"26.2815, 84.7215",CROSS-VERIFIED MUNICIPAL,District Administration Gopalganj (NIC Portal),Archaeological Survey of India,NONE,MODEST,MODEST,HIGH,NONE,P1,High-value regional destination: Official historical tourist attraction on gopalganj.nic.in.
99,Lakhisarai,Lali Pahadi Archaeological Site,historical,"25.1812, 86.0954",CROSS-VERIFIED MUNICIPAL,District Administration Lakhisarai (NIC Portal),Gazetteer of Bihar & Regional Cultural Archives,NONE,MODEST,MODEST,HIGH,NONE,P1,"High-value regional destination: One of seven protected archaeological sites in the district, inaugurated as an open-air archaeological park."
100,Lakhisarai,Rajauna Buddhist Archaeological Mound,historical,"25.1912, 86.0712",CROSS-VERIFIED MUNICIPAL,District Administration Lakhisarai (NIC Portal),Archaeological Survey of India,NONE,MODEST,MODEST,HIGH,NONE,P1,High-value regional destination: Protected archaeological site of national historical significance.
101,Purnia,Dharahara Narasimha Pillar,historical,"25.8912, 87.1812",CROSS-VERIFIED MUNICIPAL,District Administration Purnia (NIC Portal),Gazetteer of Bihar & Regional Cultural Archives,NONE,MODEST,MODEST,HIGH,NONE,P1,High-value regional destination: Prominent cultural and pilgrimage landmark of regional mythology.
102,Saharsa,"Surya Mandir, Kandaha",historical,"25.8512, 86.4125",CROSS-VERIFIED MUNICIPAL,District Administration Saharsa (NIC Portal),Archaeological Survey of India,NONE,MODEST,MODEST,HIGH,NONE,P1,High-value regional destination: Bihar State Protected Monument and unique architectural gem of Mithila.
103,Samastipur,Dr. Rajendra Prasad Central Agricultural University,historical,"25.9812, 85.6712",CROSS-VERIFIED MUNICIPAL,District Administration Samastipur (NIC Portal),Gazetteer of Bihar & Regional Cultural Archives,NONE,MODEST,MODEST,HIGH,NONE,P1,High-value regional destination: National heritage institution of agricultural science and architectural grandeur.
104,Samastipur,Mangalgarh Archaeological Mound,historical,"25.7512, 86.0412",CROSS-VERIFIED MUNICIPAL,District Administration Samastipur (NIC Portal),"Directorate of Archaeology & Museums, Bihar",NONE,MODEST,MODEST,HIGH,NONE,P1,High-value regional destination: Significant historical site of Central Mithila.
105,Siwan,Amar Shahid Umakant Smarak,historical,"26.1512, 84.3412",CROSS-VERIFIED MUNICIPAL,District Administration Siwan (NIC Portal),Sahitya Akademi & National Archives of India,NONE,MODEST,MODEST,HIGH,NONE,P1,High-value regional destination: Nationalist freedom movement pilgrimage site.
106,Nalanda,Rajgir Glass Bridge & Nature Safari,adventure,"24.9815, 85.3912",STATE TOURISM REGISTER,"Bihar Tourism (Department of Tourism, Govt of Bihar)",District Administration Nalanda,NONE,MODEST,MODEST,HIGH,NONE,P1,High-value regional destination: Modern flagship adventure tourism destination in Bihar inaugurated in 2021.
107,Nawada,"Surya Mandir, Handiya",temple,"24.9512, 85.4312",CROSS-VERIFIED MUNICIPAL,District Administration Nawada (NIC Portal),Gazetteer of Bihar & Regional Cultural Archives,NONE,MODEST,MODEST,HIGH,NONE,P1,High-value regional destination: Major Chhath Puja pilgrimage destination officially featured on nawada.nic.in.
108,Patna,Jalan Museum (Qila House),museum,"25.6025, 85.1912",STATE TOURISM REGISTER,"Bihar Tourism (Department of Tourism, Govt of Bihar)",District Administration Patna,NONE,MODEST,MODEST,HIGH,NONE,P1,High-value regional destination: Exclusive world-class decorative art collection recognized by global historians.
109,Buxar,Ahirauli Ahilya Sthan,temple,"25.5895, 83.9512",STATE TOURISM REGISTER,"Bihar Tourism (Department of Tourism, Govt of Bihar)",District Administration Buxar,NONE,MODEST,MODEST,HIGH,NONE,P1,High-value regional destination: Core Ramayana Circuit destination in Bihar.
110,Darbhanga,Chandradhari Museum,museum,"26.1585, 85.9012",CROSS-VERIFIED MUNICIPAL,District Administration Darbhanga (NIC Portal),Bihar Tourism Board,NONE,MODEST,MODEST,HIGH,NONE,P1,"High-value regional destination: Leading museum of North Bihar officially managed by Directorate of Museums, Government of Bihar."
111,Darbhanga,"Ahilya Sthan, Ahiyari",temple,"26.2215, 85.7485",CROSS-VERIFIED MUNICIPAL,District Administration Darbhanga (NIC Portal),Bihar Tourism Board,NONE,MODEST,MODEST,HIGH,NONE,P2,Useful secondary destination for intra-district exploration: Official Ramayana Circuit destination in Mithila.
112,Rohtas,Maa Tara Chandi Temple & Inscription,temple,"24.9215, 84.0612",GOVERNMENT / STATUTORY,Archaeological Survey of India (ASI Patna Circle),District Administration Rohtas,NONE,MODEST,MODEST,HIGH,NONE,P2,Useful secondary destination for intra-district exploration: ASI Centrally Protected Monument and premier pilgrimage destination of Rohtas.
113,Nawada,Gunawa Ji Tirth,temple,"24.8912, 85.5412",STATE TOURISM REGISTER,"Bihar Tourism (Department of Tourism, Govt of Bihar)",Gazetteer of Bihar & Regional Cultural Archives,NONE,MODEST,MODEST,HIGH,NONE,P2,Useful secondary destination for intra-district exploration: Prominent stop on the official Bihar Jain Circuit.
114,Araria,Madanpur Shiva Mandir,temple,"26.1754, 87.5123",CROSS-VERIFIED MUNICIPAL,District Administration Araria (NIC Portal),Gazetteer of Bihar & Regional Cultural Archives,NONE,MODEST,MODEST,HIGH,NONE,P2,Useful secondary destination for intra-district exploration: Most visited religious gathering site in eastern Araria.
115,Bhagalpur,Bhagalpuri Silk Weaver Cluster,cultural,"25.2285, 86.9312",FIELD DOCUMENTED,Geographical Indications Registry of India,Bihar Tourism Board,NONE,MODEST,MODEST,HIGH,NONE,P2,Useful secondary destination for intra-district exploration: Official Geographical Indication (GI) craft hub and textile heritage tourism center.
116,Buxar,"Bihari Ji Temple, Dumraon",temple,"25.5512, 84.1485",CROSS-VERIFIED MUNICIPAL,District Administration Buxar (NIC Portal),Gazetteer of Bihar & Regional Cultural Archives,NONE,MODEST,MODEST,HIGH,NONE,P2,Useful secondary destination for intra-district exploration: Unique cultural and music heritage site connecting classical music to temple tradition.
117,Darbhanga,Shyama Mai Temple,temple,"26.1458, 85.8985",CROSS-VERIFIED MUNICIPAL,District Administration Darbhanga (NIC Portal),Bihar Tourism Board,NONE,MODEST,MODEST,HIGH,NONE,P2,"Useful secondary destination for intra-district exploration: Foremost religious destination in Darbhanga town, officially featured on darbhanga.nic.in."
118,Gopalganj,"Shri Pitambara Peeth, Baglamukhi Mandir",temple,"26.4712, 84.4385",CROSS-VERIFIED MUNICIPAL,District Administration Gopalganj (NIC Portal),Gazetteer of Bihar & Regional Cultural Archives,NONE,MODEST,MODEST,HIGH,NONE,P2,Useful secondary destination for intra-district exploration: Documented place of worship on official portal.
119,Katihar,Gorakhnath Temple,temple,"25.5612, 87.5812",CROSS-VERIFIED MUNICIPAL,District Administration Katihar (NIC Portal),Gazetteer of Bihar & Regional Cultural Archives,NONE,MODEST,MODEST,HIGH,NONE,P2,Useful secondary destination for intra-district exploration: Key religious site officially promoted by District Administration Katihar.
120,Khagaria,Agnihotri Temple,temple,"25.4812, 86.4215",CROSS-VERIFIED MUNICIPAL,District Administration Khagaria (NIC Portal),Gazetteer of Bihar & Regional Cultural Archives,NONE,MODEST,MODEST,HIGH,NONE,P2,Useful secondary destination for intra-district exploration: Unique cultural and Vedic ritual heritage site in eastern Bihar.
121,Lakhisarai,Barahiya Maharani Sthan,temple,"25.2915, 86.0125",CROSS-VERIFIED MUNICIPAL,District Administration Lakhisarai (NIC Portal),Gazetteer of Bihar & Regional Cultural Archives,NONE,MODEST,MODEST,HIGH,NONE,P2,Useful secondary destination for intra-district exploration: Key cultural pilgrimage destination in North-East Magadh.
122,Madhepura,Dakini Sthan,temple,"25.6812, 86.9124",CROSS-VERIFIED MUNICIPAL,District Administration Madhepura (NIC Portal),Gazetteer of Bihar & Regional Cultural Archives,NONE,MODEST,MODEST,HIGH,NONE,P2,Useful secondary destination for intra-district exploration: Highlighted place of interest on district government portal.
123,Madhubani,Kapileshwar Sthan,temple,"26.4312, 86.0485",CROSS-VERIFIED MUNICIPAL,District Administration Madhubani (NIC Portal),Gazetteer of Bihar & Regional Cultural Archives,NONE,MODEST,MODEST,HIGH,NONE,P2,Useful secondary destination for intra-district exploration: Prime religious shrine in Madhubani district.
124,Madhubani,Uchaith Bhagwati Mandir,temple,"26.4812, 85.9124",CROSS-VERIFIED MUNICIPAL,District Administration Madhubani (NIC Portal),Bihar Tourism Board,NONE,MODEST,MODEST,HIGH,NONE,P2,Useful secondary destination for intra-district exploration: Prominent cultural and literary pilgrimage site in North Bihar.
125,Madhubani,Bhawanipur Ugna Shiva Mandir,temple,"26.3125, 86.1512",CROSS-VERIFIED MUNICIPAL,District Administration Madhubani (NIC Portal),Gazetteer of Bihar & Regional Cultural Archives,NONE,MODEST,MODEST,HIGH,NONE,P2,Useful secondary destination for intra-district exploration: Celebrated Mithila cultural and poetic heritage site.
126,Munger,Chandika Sthan,temple,"25.3785, 86.4854",CROSS-VERIFIED MUNICIPAL,District Administration Munger (NIC Portal),Bihar Tourism Board,NONE,MODEST,MODEST,HIGH,NONE,P2,Useful secondary destination for intra-district exploration: Major pilgrimage destination in eastern Bihar.
127,Muzaffarpur,Baba Garibnath Temple,temple,"26.1185, 85.3854",CROSS-VERIFIED MUNICIPAL,District Administration Muzaffarpur (NIC Portal),Gazetteer of Bihar & Regional Cultural Archives,NONE,MODEST,MODEST,HIGH,NONE,P2,"Useful secondary destination for intra-district exploration: Foremost religious destination in Muzaffarpur, officially documented on muzaffarpur.nic.in."
128,Muzaffarpur,Sujani Embroidery Craft Cluster,cultural,"26.1512, 85.5124",FIELD DOCUMENTED,Geographical Indications Registry of India,Bihar Tourism Board,NONE,MODEST,MODEST,HIGH,NONE,P2,Useful secondary destination for intra-district exploration: Important cultural craft tourism center recognized by UNESCO and Ministry of Textiles.
129,Nalanda,Xuanzang (Hiuen Tsang) Memorial Hall,cultural,"25.1385, 85.4485",FIELD DOCUMENTED,"Ministry of Culture, Government of India",Bihar Tourism Board,NONE,MODEST,MODEST,HIGH,NONE,P2,"Useful secondary destination for intra-district exploration: Symbol of Sino-Indian civilizational dialogue housing relics, murals, and statue."
130,Patna,Khuda Bakhsh Oriental Public Library,cultural,"25.6185, 85.1585",FIELD DOCUMENTED,"Ministry of Culture, Government of India",Bihar Tourism Board,NONE,MODEST,MODEST,HIGH,NONE,P2,Useful secondary destination for intra-district exploration: One of the richest libraries of Islamic and medieval manuscripts in the world.
131,Patna,Chhoti Patan Devi,temple,"25.6015, 85.1954",CROSS-VERIFIED MUNICIPAL,District Administration Patna (NIC Portal),Gazetteer of Bihar & Regional Cultural Archives,NONE,MODEST,MODEST,HIGH,NONE,P2,Useful secondary destination for intra-district exploration: Bihar State Protected Monument and core Shaktipeeth pilgrimage destination.
132,Purnia,Mata Puran Devi Temple,temple,"25.7785, 87.4712",CROSS-VERIFIED MUNICIPAL,District Administration Purnia (NIC Portal),Gazetteer of Bihar & Regional Cultural Archives,NONE,MODEST,MODEST,HIGH,NONE,P2,"Useful secondary destination for intra-district exploration: Core religious and identity landmark of Purnia, featured on purnea.nic.in."
133,Samastipur,Thaneshwar Mahadev Mandir,temple,"25.8542, 85.7812",CROSS-VERIFIED MUNICIPAL,District Administration Samastipur (NIC Portal),Gazetteer of Bihar & Regional Cultural Archives,NONE,MODEST,MODEST,HIGH,NONE,P2,Useful secondary destination for intra-district exploration: Primary urban pilgrimage destination on samastipur.nic.in.
134,Saran,"Ambika Sthan, Aami",temple,"25.7215, 84.9512",CROSS-VERIFIED MUNICIPAL,District Administration Saran (NIC Portal),Gazetteer of Bihar & Regional Cultural Archives,NONE,MODEST,MODEST,HIGH,NONE,P2,Useful secondary destination for intra-district exploration: Major Shakti pilgrimage destination officially featured on saran.nic.in.
135,Saran,Silhauri Shiva Temple,temple,"25.8812, 84.8124",CROSS-VERIFIED MUNICIPAL,District Administration Saran (NIC Portal),Gazetteer of Bihar & Regional Cultural Archives,NONE,MODEST,MODEST,HIGH,NONE,P2,Useful secondary destination for intra-district exploration: Featured place of religious interest on saran.nic.in.
136,Siwan,"Baba Mahendra Nath Temple, Mehdar",temple,"26.0412, 84.4512",CROSS-VERIFIED MUNICIPAL,District Administration Siwan (NIC Portal),Gazetteer of Bihar & Regional Cultural Archives,NONE,MODEST,MODEST,HIGH,NONE,P2,"Useful secondary destination for intra-district exploration: Foremost religious pilgrimage site in Siwan district, officially featured on siwan.nic.in."
137,Siwan,Sohagara Dham,temple,"26.1912, 84.0954",CROSS-VERIFIED MUNICIPAL,District Administration Siwan (NIC Portal),Gazetteer of Bihar & Regional Cultural Archives,NONE,MODEST,MODEST,HIGH,NONE,P2,Useful secondary destination for intra-district exploration: Prominent border pilgrimage center officially documented on siwan.nic.in.
138,Supaul,"Kapileshwar Mandir, Supaul",temple,"26.1812, 86.5812",CROSS-VERIFIED MUNICIPAL,District Administration Supaul (NIC Portal),Gazetteer of Bihar & Regional Cultural Archives,NONE,MODEST,MODEST,HIGH,NONE,P2,Useful secondary destination for intra-district exploration: Prominent religious destination officially highlighted on supaul.nic.in.
139,Supaul,Tileshwar Mandir,temple,"26.1215, 86.6124",CROSS-VERIFIED MUNICIPAL,District Administration Supaul (NIC Portal),Gazetteer of Bihar & Regional Cultural Archives,NONE,MODEST,MODEST,HIGH,NONE,P2,Useful secondary destination for intra-district exploration: Documented place of tourist interest on supaul.nic.in.
140,Vaishali,"Nepali Temple, Hajipur",temple,"25.6812, 85.2125",CROSS-VERIFIED MUNICIPAL,District Administration Vaishali (NIC Portal),Gazetteer of Bihar & Regional Cultural Archives,NONE,MODEST,MODEST,HIGH,NONE,P2,"Useful secondary destination for intra-district exploration: Bihar State Protected Monument, architectural marvel on the Gandak riverbank."
141,Bhojpur,Ara House,historical,"25.5645, 84.6712",FIELD DOCUMENTED,"Directorate of Archaeology, Bihar",Archaeological Survey of India,NONE,MODEST,MODEST,HIGH,NONE,P2,Useful secondary destination for intra-district exploration: Bihar State Protected Monument with rich archival relevance for 1857 history.
142,Buxar,Bausagarh Mound,historical,"25.5412, 84.0512",FIELD DOCUMENTED,"Directorate of Archaeology, Bihar",Gazetteer of Bihar & Regional Cultural Archives,NONE,MODEST,MODEST,HIGH,NONE,P2,Useful secondary destination for intra-district exploration: Bihar State Protected Monument.
143,Muzaffarpur,Katra Garh & Chamunda Mandir,historical,"26.2154, 85.6124",FIELD DOCUMENTED,"Directorate of Archaeology, Bihar",District Administration Muzaffarpur,NONE,MODEST,MODEST,HIGH,NONE,P2,Useful secondary destination for intra-district exploration: Bihar State Protected Monument and vital archaeological site.
144,Patna,Kamaldah Jain Temple,temple,"25.5985, 85.1845",FIELD DOCUMENTED,"Directorate of Archaeology, Bihar",Bihar Tourism Board,NONE,MODEST,MODEST,HIGH,NONE,P2,Useful secondary destination for intra-district exploration: State Protected Monument on the official Jain Circuit.
145,Vaishali,"Vishwa Shanti Stupa, Vaishali",cultural,"25.9885, 85.1285",STATE TOURISM REGISTER,"Bihar Tourism (Department of Tourism, Govt of Bihar)",District Administration Vaishali,NONE,VERY HIGH,HIGH,HIGH,MEDIUM,HOLD,Vaishali Shanti Stupa is physically adjacent to Abhishek Pushkarani and Place ID 10; held pending Vaishali sub-complex definition.
146,Jehanabad,Nagarjuni Caves,historical,"25.0125, 85.0785",GOVERNMENT / STATUTORY,Archaeological Survey of India (ASI Patna Circle),District Administration Jehanabad,NONE,MEDIUM,MODEST,HIGH,MEDIUM,HOLD,"Authentic ASI Centrally Protected Mauryan cave complex, but situated 1.6 km from Place ID 5. Held pending sub-circuit pin grouping approval."
147,Jehanabad,Barabar Caves Complex,historical,"25.0061, 85.0621",GOVERNMENT / STATUTORY,Archaeological Survey of India (ASI Patna Circle),Bihar Tourism Board,NONE,MEDIUM,MODEST,HIGH,HIGH,HOLD,Co-located within 250m of active DB destination (#5: Barabar Caves & Siddheshwar Nath); requires sub-circuit grouping.
148,Darbhanga,Nargona Palace,historical,"26.1512, 85.8895",CROSS-VERIFIED MUNICIPAL,District Administration Darbhanga (NIC Portal),"Directorate of Archaeology & Museums, Bihar",NONE,MEDIUM,MODEST,HIGH,HIGH,HOLD,Co-located within 250m of active DB destination (#26: Darbhanga Raj (Laxmi Vilas Palace)); requires sub-circuit grouping.
149,Nalanda,Venuvana Vihara,historical,"25.0285, 85.4185",GOVERNMENT / STATUTORY,Archaeological Survey of India (ASI Patna Circle),District Administration Nalanda,NONE,MODEST,MODEST,HIGH,HIGH,HOLD,Co-located within 250m of active DB destination (#9: Rajgir (Rajagriha)); requires sub-circuit grouping.
150,Gaya,Mahabodhi Temple Complex & Bodhi Tree,historical,"24.6959, 84.9914",CROSS-VERIFIED MUNICIPAL,District Administration Gaya,Bihar Tourism Board,NONE,MODEST,MODEST,HIGH,HIGH,HOLD,Co-located within 250m of active DB destination (#110: Bodh Gaya Archaeological Museum); requires sub-circuit grouping.
151,Muzaffarpur,Ramchandra Shahi Museum,museum,"26.1215, 85.3654",CROSS-VERIFIED MUNICIPAL,District Administration Muzaffarpur (NIC Portal),Bihar Tourism Board,NONE,MODEST,MODEST,HIGH,HIGH,HOLD,Co-located within 250m of active DB destination (#27: Litchi Gardens & Jubba Sahni Park); requires sub-circuit grouping.
152,Jehanabad,Baba Siddheshwarnath Temple,temple,"25.0085, 85.0635",CROSS-VERIFIED MUNICIPAL,District Administration Jehanabad (NIC Portal),Bihar Tourism Board,NONE,MODEST,MODEST,HIGH,HIGH,HOLD,Co-located within 250m of active DB destination (#5: Barabar Caves & Siddheshwar Nath); requires sub-circuit grouping.
153,Munger,Bhimbandh Hot Springs & Wildlife Sanctuary,nature,"24.9667, 86.4833",GOVERNMENT / STATUTORY,"Bihar Tourism (Department of Tourism, Govt of Bihar)",Incredible India (Ministry of Tourism),21,MEDIUM,MODEST,HIGH,HIGH,REJECT,Duplicate or alias of existing active destination: EXACT MATCH.
154,Gaya,Dungeshwari Cave Temples,mountain,"24.7850, 85.0650",STATE TOURISM REGISTER,"Bihar Tourism (Department of Tourism, Govt of Bihar)",Gazetteer of Bihar & Regional Cultural Archives,104,MEDIUM,MODEST,HIGH,HIGH,REJECT,Duplicate or alias of existing active destination: EXACT MATCH.
155,Patna,"Choti Dargah, Maner",historical,"25.6480, 84.8850",GOVERNMENT / STATUTORY,Archaeological Survey of India (ASI Patna Circle),Bihar Tourism Board,95,MEDIUM,MODEST,HIGH,HIGH,REJECT,Duplicate or alias of existing active destination: EXACT MATCH.
156,Darbhanga,Darbhanga Raj Palace Complex,historical,"26.1494, 85.8919",STATE TOURISM REGISTER,"Bihar Tourism (Department of Tourism, Govt of Bihar)","Directorate of Archaeology & Museums, Bihar",26,MEDIUM,MODEST,HIGH,HIGH,REJECT,Duplicate or alias of existing active destination: EXACT MATCH.
157,Jamui,Lachhuar Jain Temple & Kundagram,temple,"24.9145, 86.0144",STATE TOURISM REGISTER,"Bihar Tourism (Department of Tourism, Govt of Bihar)",Gazetteer of Bihar & Regional Cultural Archives,63,MODEST,MODEST,HIGH,HIGH,REJECT,Duplicate or alias of existing active destination: EXACT MATCH.
158,West Champaran,Valmiki National Park & Tiger Reserve,nature,"27.3167, 84.0667",FIELD DOCUMENTED,"Department of Environment, Forest & Climate Change, Bihar",Bihar Tourism Board,17,MODEST,MODEST,HIGH,HIGH,REJECT,Duplicate or alias of existing active destination: EXACT MATCH.
159,Nalanda,Rajgir,historical,"25.0261, 85.4176",STATE TOURISM REGISTER,"Bihar Tourism (Department of Tourism, Govt of Bihar)",Archaeological Survey of India,9,MODEST,MODEST,HIGH,HIGH,REJECT,Duplicate or alias of existing active destination: EXACT MATCH.
160,Kaimur,Maa Mundeshwari Temple,temple,"25.0612, 83.7632",GOVERNMENT / STATUTORY,Archaeological Survey of India (ASI Patna Circle),Incredible India (Ministry of Tourism),24,MODEST,MODEST,HIGH,HIGH,REJECT,Duplicate or alias of existing active destination: EXACT MATCH.
161,Araria,Forbesganj Railway Station Bazar,commercial,UNVERIFIED,REJECTED IN PHASE 1 AUDIT,Google Search,Rejection Log,NONE,LOW,LOW,LOW,NONE,REJECT,"Rejected in Phase 1 discovery audit: Commercial market / transit hub, not a tourism heritage site"
162,Araria,Hotel Diya International Araria,commercial,UNVERIFIED,REJECTED IN PHASE 1 AUDIT,Google Maps / Directory,Rejection Log,NONE,LOW,LOW,LOW,NONE,REJECT,"Rejected in Phase 1 discovery audit: Commercial hotel/lodging business, not a tourist destination"
163,Arwal,Arwal Bus Stand Commercial Complex,transit,UNVERIFIED,REJECTED IN PHASE 1 AUDIT,Google Maps,Rejection Log,NONE,LOW,LOW,LOW,NONE,REJECT,"Rejected in Phase 1 discovery audit: Transit and retail facility, non-tourism"
164,Begusarai,Barauni IOCL Refinery Township,industrial,UNVERIFIED,REJECTED IN PHASE 1 AUDIT,Google Search,Rejection Log,NONE,LOW,LOW,LOW,NONE,REJECT,Rejected in Phase 1 discovery audit: Petrochemical industrial complex and staff residential colony
165,Bhagalpur,Zero Mile Commercial Chauraha,commercial,UNVERIFIED,REJECTED IN PHASE 1 AUDIT,Google Maps,Rejection Log,NONE,LOW,LOW,LOW,NONE,REJECT,"Rejected in Phase 1 discovery audit: Urban traffic intersection and commercial market, non-tourism"
166,Bhojpur,Ara Sadar Hospital,medical,UNVERIFIED,REJECTED IN PHASE 1 AUDIT,Google Maps,Rejection Log,NONE,LOW,LOW,LOW,NONE,REJECT,"Rejected in Phase 1 discovery audit: Public medical healthcare facility, non-tourism"
167,Buxar,Buxar Central Jail,restricted,UNVERIFIED,REJECTED IN PHASE 1 AUDIT,Google Maps,Rejection Log,NONE,LOW,LOW,LOW,NONE,REJECT,Rejected in Phase 1 discovery audit: High-security correctional institution with restricted entry
168,East Champaran,Motihari Sugar Mill,industrial,UNVERIFIED,REJECTED IN PHASE 1 AUDIT,Google Search,Rejection Log,NONE,LOW,LOW,LOW,NONE,REJECT,"Rejected in Phase 1 discovery audit: Closed agro-industrial factory complex, non-tourism"
169,Gaya,Gaya Collectorate Administrative Office,administrative,UNVERIFIED,REJECTED IN PHASE 1 AUDIT,Google Maps,Rejection Log,NONE,LOW,LOW,LOW,NONE,REJECT,Rejected in Phase 1 discovery audit: Government administrative building with restricted public access
170,Gaya,Hotel Bodhgaya Gautam,commercial,UNVERIFIED,REJECTED IN PHASE 1 AUDIT,Google Search,Rejection Log,NONE,LOW,LOW,LOW,NONE,REJECT,"Rejected in Phase 1 discovery audit: Commercial hotel/resort for travelers, not an attraction in itself"
171,Jamui,Jhajha Railway Goods Yard,transit,UNVERIFIED,REJECTED IN PHASE 1 AUDIT,Google Maps,Rejection Log,NONE,LOW,LOW,LOW,NONE,REJECT,"Rejected in Phase 1 discovery audit: Freight handling yard, non-tourism"
172,Katihar,Katihar Railway Junction Yard,transit,UNVERIFIED,REJECTED IN PHASE 1 AUDIT,Google Maps,Rejection Log,NONE,LOW,LOW,LOW,NONE,REJECT,Rejected in Phase 1 discovery audit: Major railway junction platform and marshalling yard
173,Muzaffarpur,Hotel Raj Darbar Muzaffarpur,commercial,UNVERIFIED,REJECTED IN PHASE 1 AUDIT,Google Maps,Rejection Log,NONE,LOW,LOW,LOW,NONE,REJECT,Rejected in Phase 1 discovery audit: Commercial lodging establishment
174,Muzaffarpur,Muzaffarpur Junction Railway Waiting Hall,transit,UNVERIFIED,REJECTED IN PHASE 1 AUDIT,Google Maps,Rejection Log,NONE,LOW,LOW,LOW,NONE,REJECT,"Rejected in Phase 1 discovery audit: Transit infrastructure, not a tourism sight"
175,Patna,Hotel Maurya Patna,commercial,UNVERIFIED,REJECTED IN PHASE 1 AUDIT,Google Maps,Rejection Log,NONE,LOW,LOW,LOW,NONE,REJECT,"Rejected in Phase 1 discovery audit: Commercial luxury hotel/hospitality business, not a public tourism destination"
176,Patna,Kankarbagh Colony Park,park,UNVERIFIED,REJECTED IN PHASE 1 AUDIT,Google Maps,Rejection Log,NONE,LOW,LOW,LOW,NONE,REJECT,Rejected in Phase 1 discovery audit: Local residential neighborhood park with no tourist or heritage relevance
177,Patna,P&M Mall Patna,commercial,UNVERIFIED,REJECTED IN PHASE 1 AUDIT,Google Search,Rejection Log,NONE,LOW,LOW,LOW,NONE,REJECT,"Rejected in Phase 1 discovery audit: Modern commercial shopping mall, non-heritage retail venue"
178,Purnia,Purnea College Academic Campus,education,UNVERIFIED,REJECTED IN PHASE 1 AUDIT,Google Maps,Rejection Log,NONE,LOW,LOW,LOW,NONE,REJECT,Rejected in Phase 1 discovery audit: Local degree college campus without tourism/heritage interest
179,Rohtas,Dehri Mechanical Engineering Workshop,industrial,UNVERIFIED,REJECTED IN PHASE 1 AUDIT,Google Maps,Rejection Log,NONE,LOW,LOW,LOW,NONE,REJECT,"Rejected in Phase 1 discovery audit: Railway workshop facility, restricted access"
180,Samastipur,Samastipur Dairy Milk Plant,industrial,UNVERIFIED,REJECTED IN PHASE 1 AUDIT,District Portal / Google Maps,Rejection Log,NONE,LOW,LOW,LOW,NONE,REJECT,"Rejected in Phase 1 discovery audit: Industrial dairy processing facility, non-tourism"
181,Saran,Chhapra Main Bazar Cloth Market,commercial,UNVERIFIED,REJECTED IN PHASE 1 AUDIT,Google Search,Rejection Log,NONE,LOW,LOW,LOW,NONE,REJECT,Rejected in Phase 1 discovery audit: Generic local textile and grocery retail street
182,Sheohar,Hotel Grand Sheohar,commercial,UNVERIFIED,REJECTED IN PHASE 1 AUDIT,Google Maps,Rejection Log,NONE,LOW,LOW,LOW,NONE,REJECT,"Rejected in Phase 1 discovery audit: Commercial roadside lodge, non-tourism"
183,Sitamarhi,Sitamarhi Bus Stand,transit,UNVERIFIED,REJECTED IN PHASE 1 AUDIT,Google Maps,Rejection Log,NONE,LOW,LOW,LOW,NONE,REJECT,"Rejected in Phase 1 discovery audit: Public transport bus depot, non-tourism"
184,Siwan,Siwan Civil Court Complex,administrative,UNVERIFIED,REJECTED IN PHASE 1 AUDIT,Google Maps,Rejection Log,NONE,LOW,LOW,LOW,NONE,REJECT,"Rejected in Phase 1 discovery audit: Judicial courts building, non-tourism"
185,Vaishali,Hajipur Cinema Road Market,commercial,UNVERIFIED,REJECTED IN PHASE 1 AUDIT,Google Maps,Rejection Log,NONE,LOW,LOW,LOW,NONE,REJECT,"Rejected in Phase 1 discovery audit: Urban retail market street, non-tourism"
